Relevamiento disposición final Residuos Generales 2016;;;;;;Aperturas 2017;;;;;Formato;Toneladas;;;;
;;;;;;Cierres 2017/2018;;;;;Express;0;;;;
;;;;;Estimado;;;;;;Hiper;13 384;;;;
;;;;;;;;;;;Market;6 749;;;;
;;;;;;;;;;;Maxi;924;;;;
;;;;;;;;;;;Total general;21 057;;;;
;;;;;;;;;;;;;;;;
;;;;;;;;;;;;;;;;
Local;Tienda;Formato;Región;janv-16;févr-16;mars-16;avr-16;mai-16;juin-16;juil-16;août-16;sept-16;oct-16;nov-16;déc-16;Total
1;1-San Isidro;Hipermercado;GRAN BS. AS.;49;49;49;49;49;49;49;49;49;49;49;49;588
2;2-Vicente López;Hipermercado;GRAN BS. AS.;49;49;49;49;49;49;44;63;60;42;38;49;590
3;3-Av. La Plata;Hipermercado;CAP. FED.;14;14;14;14;14;14;15;14;13;12;16;12;165
5;5-Velez Sársfield;Hipermercado;CAP. FED.;14;14;14;14;14;14;14;14;14;14;14;14;168
6;6-Salguero;Hipermercado;CAP. FED.;36;36;36;36;36;36;49;48;46;23;26;25;431
7;7-Quilmes;Hipermercado;GRAN BS. AS.;20;20;20;20;20;20;19;21;18;20;21;20;240
8;8-La Plata;Hipermercado;RESTO BS. AS.;31;31;31;31;31;31;31;29;27;31;35;32;371
9;9-Cba. Colon;Hipermercado;CORDOBA;20;20;20;20;20;20;20;20;20;20;20;20;240
10;10-Villa Tesei;Hipermercado;GRAN BS. AS.;15;15;15;15;15;15;12;13;12;17;26;11;181
11;11-Malvinas Argentinas;Hipermercado;GRAN BS. AS.;23;23;23;23;23;23;22;21;20;23;36;17;277
12;12-San Justo;Hipermercado;GRAN BS. AS.;17;17;17;17;17;17;19;18;19;12;14;18;202
15;15-San Martín;Hipermercado;GRAN BS. AS.;23;23;23;23;23;23;20;20;22;24;24;29;277
16;16-Monte Grande;Hipermercado;GRAN BS. AS.;16;16;16;16;16;16;19;18;17;12;13;19;194
17;17-Mendoza;Hipermercado;MENDOZA;20;20;20;20;20;20;20;20;20;20;20;20;240
18;18-Rosario;Hipermercado;SANTA FE;20;20;20;20;20;20;20;20;20;20;20;20;240
20;20-Avellaneda;Hipermercado;GRAN BS. AS.;16;16;16;16;16;16;17;19;17;12;17;13;191
21;21-Moreno;Hipermercado;GRAN BS. AS.;24;24;24;24;24;24;24;24;23;22;31;19;287
22;22-Mar del Plata;Hipermercado;RESTO BS. AS.;15;15;15;15;15;15;15;15;15;15;15;15;180
23;23-Adrogue;Hipermercado;GRAN BS. AS.;15;15;15;15;15;15;17;16;15;11;13;18;179
24;24-Cba. Jardín;Hipermercado;CORDOBA;20;20;20;20;20;20;20;20;20;20;20;20;240
25;25-San Fernando;Hipermercado;GRAN BS. AS.;21;21;21;21;21;21;38;4;4;21;30;28;251
26;26-Warnes;Hipermercado;CAP. FED.;14;14;14;14;14;14;14;13;12;13;15;17;168
28;28-Pilar;Hipermercado;GRAN BS. AS.;28;28;28;28;28;28;32;32;30;26;18;29;335
29;29-Azul;Hipermercado;MENDOZA;20;20;20;20;20;20;20;20;20;20;20;20;240
30;30-Mataderos;Hipermercado;CAP. FED.;11;11;11;11;11;11;14;13;11;10;9;10;134
31;31-Tandil;Hipermercado;RESTO BS. AS.;10;10;10;10;10;10;10;10;10;10;10;10;120
32;32-Rosario Centro;Hipermercado;SANTA FE;6;6;6;6;6;6;6;6;6;6;6;6;72
33;33-Rosario Sur;Hipermercado;SANTA FE;6;6;6;6;6;6;6;6;6;6;6;6;72
36;36-Ituzaingo;Hipermercado;GRAN BS. AS.;6;6;6;6;6;6;6;6;6;6;6;6;72
40;40-Temperley;Hipermercado;GRAN BS. AS.;6;6;6;6;6;6;6;6;6;4;7;5;70
41;41-Rosario II Village;Hipermercado;SANTA FE;6;6;6;6;6;6;6;6;6;6;6;6;72
42;42-Merlo;Hipermercado;GRAN BS. AS.;6;6;6;6;6;6;6;6;6;6;6;6;72
43;43-Haedo;Hipermercado;GRAN BS. AS.;28;28;28;28;28;28;27;26;24;41;31;17;333
44;44-Resistencia II;Hipermercado;CHACO;6;6;6;6;6;6;6;6;6;6;6;6;72
45;45-Trelew (III);Hipermercado;CHUBUT;7;7;7;7;7;7;7;7;7;7;7;7;84
46;46-Tucuman;Hipermercado;TUCUMAN;6;6;6;6;6;6;6;6;6;6;6;6;72
47;47-Martin Coronado;Hipermercado;GRAN BS. AS.;6;6;6;6;6;6;6;6;6;6;6;6;72
48;48-Río Gallegos (II);Hipermercado;SANTA CRUZ;6;6;6;6;6;6;6;6;6;6;6;6;72
49;49-Florencio Varela;Hipermercado;GRAN BS. AS.;9;9;9;9;9;9;7;7;7;12;11;7;105
50;50-R. MARTINOLI;Hipermercado;CORDOBA;8;8;8;8;8;8;8;8;8;8;8;8;96
51;51-Rincón de Milberg;Hipermercado;GRAN BS. AS.;8;8;8;8;8;8;8;8;8;8;8;8;96
52;52-Banfield;Hipermercado;GRAN BS. AS.;9;9;9;9;9;9;8;8;8;11;12;9;110
53;53-Neuquen II;Hipermercado;NEUQUEN;8;8;8;8;8;8;8;8;8;8;8;8;96
54;54-Villa Allende;Hipermercado;CORDOBA;8;8;8;8;8;8;8;8;8;8;8;8;96
55;55-Formosa II La Rural;Hipermercado;FORMOSA;8;8;8;8;8;8;8;8;8;8;8;8;96
56;56-Glew;Hipermercado;GRAN BS. AS.;8;8;8;8;8;8;7;9;8;8;9;8;97
57;57-Hiper Villa Italia (Tandil);Hipermercado;RESTO BS. AS.;7;7;7;7;7;7;7;7;7;7;7;7;84
58;58-Hiper Balcarce;Hipermercado;RESTO BS. AS.;7;7;7;7;7;7;7;7;7;7;7;7;84
59;59-Hiper Godoy Cruz (Mendoza);Hipermercado;MENDOZA;7;7;7;7;7;7;7;7;7;7;7;7;84
62;62-Champagnat;Market;GRAN BS. AS.;5;5;5;5;5;5;5;5;5;5;5;5;60
63;63-Caleta Olivia;Hipermercado;SANTA CRUZ;7;7;7;7;7;7;7;7;7;7;7;7;84
101;101-Avellaneda;Market;GRAN BS. AS.;4;4;4;4;4;4;3;2;3;6;6;3;47
108;108-Resistencia (Tía);Market;CHACO;5;5;5;5;5;5;5;5;5;5;5;5;60
109;109-La Plata I;Market;RESTO BS. AS.;5;5;5;5;5;5;5;5;5;5;5;5;60
110;110-Corrientes;Market;CORRIENTES;5;5;5;5;5;5;5;5;5;5;5;5;60
112;112-Salta;Hipermercado;SALTA;7;7;7;7;7;7;7;7;7;7;7;7;84
114;114-B. Blanca;Market;RESTO BS. AS.;5;5;5;5;5;5;5;5;5;5;5;5;60
115;115-Flores;Market;CAP. FED.;3;3;3;3;3;3;3;3;2;3;3;2;35
116;116-Avenida Sta. Fe;Market;CAP. FED.;6;6;6;6;6;6;6;5;6;7;7;5;73
118;118-Mercado;Market;CAP. FED.;11;11;11;11;11;11;11;11;10;10;10;13;131
119;119-Río IV;Market;CORDOBA;4;4;4;4;4;4;4;4;4;4;4;4;48
120;120-Belgrano (Cabildo);Market;CAP. FED.;4;4;4;4;4;4;2;3;3;6;6;5;50
122;122-Jujuy;Market;JUJUY;6;6;6;6;6;6;6;6;6;6;6;6;72
123;123-San Juan;Hipermercado;SAN JUAN;7;7;7;7;7;7;7;7;7;7;7;7;84
125;125-Paraná (Tía);Market;ENTRE RIOS;5;5;5;5;5;5;5;5;5;5;5;5;60
128;128-Cdoro. Rivadavia;Hipermercado;CHUBUT;7;7;7;7;7;7;7;7;7;7;7;7;84
130;130-Mar del Plata;Market;RESTO BS. AS.;5;5;5;5;5;5;5;5;5;5;5;5;60
132;132-Catamarca;Market;CATAMARCA;5;5;5;5;5;5;5;5;5;5;5;5;60
134;134-Tandil;Market;RESTO BS. AS.;5;5;5;5;5;5;5;5;5;5;5;5;60
135;135-La Rioja;Market;LA RIOJA;5;5;5;5;5;5;5;5;5;5;5;5;60
136;136-Gral. Roca;Hipermercado;RIO NEGRO;7;7;7;7;7;7;7;7;7;7;7;7;84
137;137-San Luis;Market;SAN LUIS;4;4;4;4;4;4;4;4;4;4;4;4;48
138;138-Concordia (Tía);Market;ENTRE RIOS;4;4;4;4;4;4;4;4;4;4;4;4;48
139;139-Olavarría;Market;RESTO BS. AS.;4;4;4;4;4;4;4;4;4;4;4;4;48
141;141-Formosa;Market;FORMOSA;4;4;4;4;4;4;4;4;4;4;4;4;48
142;142-Río Grande;Hipermercado;TIERRA FUEGO;7;7;7;7;7;7;7;7;7;7;7;7;84
143;143-Río Gallegos;Market;SANTA CRUZ;4;4;4;4;4;4;4;4;4;4;4;4;48
144;144-La Plata II;Market;RESTO BS. AS.;4;4;4;4;4;4;4;4;4;4;4;4;48
146;146-Trelew;Market;CHUBUT;5;5;5;5;5;5;5;5;5;5;5;5;60
147;147-Sta. Rosa;Market;LA PAMPA;4;4;4;4;4;4;4;4;4;4;4;4;48
148;148-9 de Julio;Market;CAP. FED.;2;2;2;2;2;2;2;2;2;4;4;2;26
149;149-Bariloche;Hipermercado;RIO NEGRO;9;9;9;9;9;9;9;9;9;9;9;9;108
150;150-Vidt;Market;CAP. FED.;10;10;10;10;10;10;14;13;12;8;9;7;122
151;151-Uriburu;Market;CAP. FED.;3;3;3;3;3;3;2;2;2;4;3;4;34
154;154-Lanús;Market;GRAN BS. AS.;4;4;4;4;4;4;6;4;5;4;3;3;49
156;156-San Nicolás (Tía);Hipermercado;RESTO BS. AS.;9;9;9;9;9;9;9;9;9;9;9;9;108
157;157-Neuquén (Hiper);Hipermercado;NEUQUEN;9;9;9;9;9;9;9;9;9;9;9;9;108
159;159-Corrientes (Hiper);Hipermercado;CORRIENTES;9;9;9;9;9;9;9;9;9;9;9;9;108
161;161-Ushuaia;Hipermercado;TIERRA FUEGO;9;9;9;9;9;9;9;9;9;9;9;9;108
162;162-Trelew (Hiper);Hipermercado;CHUBUT;9;9;9;9;9;9;9;9;9;9;9;9;108
165;165-Pto. Madryn;Market;CHUBUT;5;5;5;5;5;5;5;5;5;5;5;5;60
167;167-Jujuy 1 (Lozano);Market;JUJUY;5;5;5;5;5;5;5;5;5;5;5;5;60
168;168-Jujuy 2 (Lozano);Market;JUJUY;5;5;5;5;5;5;5;5;5;5;5;5;60
171;171-Salta 3 (Lozano);Hipermercado;SALTA;9;9;9;9;9;9;9;9;9;9;9;9;108
175;175-Salta 7 (Lozano);Hipermercado;SALTA;9;9;9;9;9;9;9;9;9;9;9;9;108
176;176-Tucumán 1 (Lozano);Market;TUCUMAN;5;5;5;5;5;5;5;5;5;5;5;5;60
177;177-Tucumán 2 (Lozano);Market;TUCUMAN;5;5;5;5;5;5;5;5;5;5;5;5;60
178;178-Catamarca (Lozano);Hipermercado;CATAMARCA;9;9;9;9;9;9;9;9;9;9;9;9;108
179;179-Puerto Madryn II;Hipermercado;CHUBUT;9;9;9;9;9;9;9;9;9;9;9;9;108
180;180-Río Grande II;Hipermercado;TIERRA FUEGO;9;9;9;9;9;9;9;9;9;9;9;9;108
181;181-Paraná Parque;Market;ENTRE RIOS;4;4;4;4;4;4;4;4;4;4;4;4;48
182;182-Juramento y  Cramer;Market;CAP. FED.;6;6;6;6;6;6;4;4;4;9;9;6;72
183;183-Maschwitz;Hipermercado;GRAN BS. AS.;10;10;10;10;10;10;8;8;8;17;17;5;123
184;184-Sta. Rosa II;Market;LA PAMPA;4;4;4;4;4;4;4;4;4;4;4;4;48
187;187-Escobar;Market;GRAN BS. AS.;5;5;5;5;5;5;4;5;4;7;7;4;61
189;189-Av Corrientes;Market;CAP. FED.;3;3;3;3;3;3;1;1;2;4;4;4;35
191;191-Mar del Plata II;Market;RESTO BS. AS.;5;5;5;5;5;5;5;5;5;5;5;5;60
195;195-OLAZABAL;Market;CAP. FED.;4;4;4;4;4;4;2;2;2;7;7;7;50
196;196-Proxi Av. Corrientes 3651;Express;CAP. FED.; S/D ; S/D ; S/D ; S/D ; S/D ; S/D ; S/D ; S/D ; S/D ; S/D ; S/D ; S/D ; -   
197;197-Proxi Av. Corrientes 5260;Express;CAP. FED.; S/D ; S/D ; S/D ; S/D ; S/D ; S/D ; S/D ; S/D ; S/D ; S/D ; S/D ; S/D ; -   
198;198-Cabildo Nuñez;Market;CAP. FED.;4;4;4;4;4;4;2;2;2;6;6;4;47
199;199-Proxi Av. Cordoba 1439;Express;CAP. FED.; S/D ; S/D ; S/D ; S/D ; S/D ; S/D ; S/D ; S/D ; S/D ; S/D ; S/D ; S/D ; -   
200;200-Proxi Av. Rivadavia 8421;Express;CAP. FED.; S/D ; S/D ; S/D ; S/D ; S/D ; S/D ; S/D ; S/D ; S/D ; S/D ; S/D ; S/D ; -   
201;201-Carapachay;Market;GRAN BS. AS.;6;6;6;6;6;6;6;6;6;6;6;6;72
202;202-San Isidro (La Florida);Market;GRAN BS. AS.;6;6;6;6;6;6;6;6;6;6;6;6;72
203;203-Chilavert;Market;GRAN BS. AS.;6;6;6;6;6;6;6;6;6;6;6;6;72
204;204-Olivos (Ugarte);Hipermercado;GRAN BS. AS.;9;9;9;9;9;9;9;9;9;9;9;9;108
205;205-Palomar;Market;GRAN BS. AS.;6;6;6;6;6;6;6;6;6;6;6;6;72
206;206-Bo. 6 (Beruti);Market;CAP. FED.;12;12;12;12;12;12;17;16;15;9;9;10;147
208;208-Campana (centro);Market;RESTO BS. AS.;4;4;4;4;4;4;4;4;4;3;3;4;46
209;209-Martinez (Av. Libertad.);Market;GRAN BS. AS.;6;6;6;6;6;6;6;6;6;6;6;6;72
210;210-Zárate;Hipermercado;RESTO BS. AS.;28;28;28;28;28;28;27;27;24;33;33;24;337
211;211-Martinez (Italia);Market;GRAN BS. AS.;6;6;6;6;6;6;6;6;6;6;6;6;72
212;212-Malaver;Market;GRAN BS. AS.;10;10;10;10;10;10;10;11;8;11;11;10;121
213;213-Proxi Paraguay 919;Express;CAP. FED.; S/D ; S/D ; S/D ; S/D ; S/D ; S/D ; S/D ; S/D ; S/D ; S/D ; S/D ; S/D ; -   
214;214-Villa Devoto;Hipermercado;CAP. FED.;11;11;11;11;11;11;8;9;8;14;14;15;134
215;215-Palermo (S. Ortiz);Market;CAP. FED.;13;13;13;13;13;13;12;11;11;16;16;11;155
216;216-Vte Lopez (Maipú);Market;GRAN BS. AS.;20;20;20;20;20;20;43;40;39;10;10;3;263
217;217-Bella Vista;Hipermercado;GRAN BS. AS.;15;15;15;15;15;15;14;12;12;3;3;50;183
218;218-Hurlingham;Market;GRAN BS. AS.;6;6;6;6;6;6;6;6;6;6;6;6;72
219;219-Caballito (D. Alvarez);Hipermercado;CAP. FED.;13;13;13;13;13;13;10;10;11;17;12;17;155
220;220-Villa Urquiza;Hipermercado;CAP. FED.;3;3;3;3;3;3;1;1;1;3;3;4;33
221;221-Tigre;Market;GRAN BS. AS.;6;6;6;6;6;6;6;6;6;6;6;6;72
226;226-Martinez (Edison);Market;GRAN BS. AS.;6;6;6;6;6;6;6;6;6;6;6;6;72
227;227-Bernal;Hipermercado;GRAN BS. AS.;3;3;3;3;3;3;3;3;3;5;5;2;39
228;228-Colegiales (Elcano);Market;CAP. FED.;8;8;8;8;8;8;7;6;7;9;9;8;93
229;229-Pergamino;Hipermercado;RESTO BS. AS.;9;9;9;9;9;9;9;9;9;9;9;9;108
230;230-Coghlan (Av. Congreso);Market;CAP. FED.;2;2;2;2;2;2;2;3;3;3;3;2;28
231;231-Lomas de Zamora;Hipermercado;GRAN BS. AS.;3;3;3;3;3;3;4;3;3;3;3;3;36
232;232-Campana II (Panam);Hipermercado;RESTO BS. AS.;9;9;9;9;9;9;8;7;9;16;12;6;110
233;233-Concordia;Hipermercado;ENTRE RIOS;9;9;9;9;9;9;9;9;9;9;9;9;108
234;234-Don Torcuato;Hipermercado;GRAN BS. AS.;9;9;9;9;9;9;9;9;9;9;9;9;108
235;235-Villa Mercedes;Hipermercado;SAN LUIS;9;9;9;9;9;9;9;9;9;9;9;9;108
237;237-Villa del Parque (Av. Nazca);Market;CAP. FED.;2;2;2;2;2;2;1;1;2;3;3;3;26
239;239-Gral. Pacheco;Hipermercado;GRAN BS. AS.;9;9;9;9;9;9;9;9;9;9;9;9;108
240;240-Gualeguaychú;Hipermercado;ENTRE RIOS;9;9;9;9;9;9;9;9;9;9;9;9;108
241;241-Luján;Hipermercado;RESTO BS. AS.;9;9;9;9;9;9;9;9;9;9;9;9;108
242;242-Proxi Av. Nazca 25;Express;CAP. FED.; S/D ; S/D ; S/D ; S/D ; S/D ; S/D ; S/D ; S/D ; S/D ; S/D ; S/D ; S/D ; -   
243;243-Paraná (San Juan);Market;ENTRE RIOS;4;4;4;4;4;4;4;4;4;4;4;4;48
244;244-Paraná (Yrigoyen);Market;ENTRE RIOS;4;4;4;4;4;4;4;4;4;4;4;4;48
247;247-Proxi Av. La Plata 430;Express;CAP. FED.; S/D ; S/D ; S/D ; S/D ; S/D ; S/D ; S/D ; S/D ; S/D ; S/D ; S/D ; S/D ; -   
248;248-Proxi Av. Corrientes 3131;Express;CAP. FED.; S/D ; S/D ; S/D ; S/D ; S/D ; S/D ; S/D ; S/D ; S/D ; S/D ; S/D ; S/D ; -   
249;249-Paraná (Av. América);Market;ENTRE RIOS;4;4;4;4;4;4;4;4;4;4;4;4;48
250;250-Proxi Pellegrini 587;Express;CAP. FED.; S/D ; S/D ; S/D ; S/D ; S/D ; S/D ; S/D ; S/D ; S/D ; S/D ; S/D ; S/D ; -   
251;251-Proxi Arce 730;Express;CAP. FED.; S/D ; S/D ; S/D ; S/D ; S/D ; S/D ; S/D ; S/D ; S/D ; S/D ; S/D ; S/D ; -   
252;252-Acasusso (Av. Libertad.);Market;GRAN BS. AS.;6;6;6;6;6;6;6;6;6;6;6;6;72
253;253-Olivos (Av. Maipú);Market;GRAN BS. AS.;6;6;6;6;6;6;6;6;6;6;6;6;72
254;254-San Isidro (Av. D. Carman);Market;GRAN BS. AS.;6;6;6;6;6;6;6;6;6;6;6;6;72
255;255-Pergamino II (El Gurí);Market;RESTO BS. AS.;6;6;6;6;6;6;6;6;6;6;6;6;72
256;256-San Nicolás;Market;RESTO BS. AS.;6;6;6;6;6;6;6;6;6;6;6;6;72
258;258-Va. Pueyrredón (Av. Mosconi);Market;CAP. FED.;6;6;6;6;6;6;6;5;6;6;6;7;73
259;259-Venado Tuerto;Hipermercado;SANTA FE;9;9;9;9;9;9;9;9;9;9;9;9;108
260;260-Proxi Las Heras 2397;Express;CAP. FED.; S/D ; S/D ; S/D ; S/D ; S/D ; S/D ; S/D ; S/D ; S/D ; S/D ; S/D ; S/D ; -   
262;262-Paraná JM Paz;Market;ENTRE RIOS;6;6;6;6;6;6;6;6;6;6;6;6;72
263;263-Paraná (Cnel. Díaz);Market;ENTRE RIOS;6;6;6;6;6;6;6;6;6;6;6;6;72
264;264-Paraná (México);Market;ENTRE RIOS;6;6;6;6;6;6;6;6;6;6;6;6;72
265;265-Proxi Angel Gallardo 30;Express;CAP. FED.; S/D ; S/D ; S/D ; S/D ; S/D ; S/D ; S/D ; S/D ; S/D ; S/D ; S/D ; S/D ; -   
266;266-Paraná (Don Bosco);Market;ENTRE RIOS;5;5;5;5;5;5;5;5;5;5;5;5;60
268;268-Rosario (centro);Hipermercado;SANTA FE;9;9;9;9;9;9;9;9;9;9;9;9;108
271;271-Belgrano (Av. Monroe);Hipermercado;CAP. FED.;4;4;4;4;4;4;3;3;4;4;4;4;47
272;272-San Fernando;Market;GRAN BS. AS.;7;7;7;7;7;7;8;8;8;8;8;4;85
274;274-Quilmes;Hipermercado;GRAN BS. AS.;15;15;15;15;15;15;11;10;12;16;15;29;183
275;275-Belgrano (F. Lacroze);Market;CAP. FED.;9;9;9;9;9;9;5;6;6;13;12;10;107
277;277-Palermo (Soler);Market;CAP. FED.;6;6;6;6;6;6;5;5;5;7;7;3;69
278;278-Márquez;Market;GRAN BS. AS.;6;6;6;6;6;6;6;6;6;6;6;6;72
282;282-Colon;Market;MENDOZA;4;4;4;4;4;4;4;4;4;4;4;4;48
283;283-Las Heras;Market;MENDOZA;4;4;4;4;4;4;4;4;4;4;4;4;48
284;284-San Martín;Market;MENDOZA;2;2;2;2;2;2;2;2;2;2;2;2;24
285;285-Tunuyan;Market;MENDOZA;5;5;5;5;5;5;5;5;5;5;5;5;60
286;286-Tupungato;Market;MENDOZA;5;5;5;5;5;5;5;5;5;5;5;5;60
287;287-Suipacha;Market;MENDOZA;5;5;5;5;5;5;5;5;5;5;5;5;60
288;288-Sexta;Market;MENDOZA;5;5;5;5;5;5;5;5;5;5;5;5;60
289;289-Luján de 3;Market;MENDOZA;5;5;5;5;5;5;5;5;5;5;5;5;60
290;290-Bombal;Market;MENDOZA;5;5;5;5;5;5;5;5;5;5;5;5;60
291;291-Proxi Piedras 383;Express;CAP. FED.; S/D ; S/D ; S/D ; S/D ; S/D ; S/D ; S/D ; S/D ; S/D ; S/D ; S/D ; S/D ; -   
292;292-Av.Polonia;Hipermercado;CHUBUT;9;9;9;9;9;9;9;9;9;9;9;9;108
293;293-Tucumán Express;Market;TUCUMAN;3;3;3;3;3;3;3;3;3;3;3;3;36
294;294-Ituzaingo II;Hipermercado;GRAN BS. AS.;9;9;9;9;9;9;9;9;9;9;9;9;108
295;295-Granaderos;Market;CORDOBA;4;4;4;4;4;4;4;4;4;4;4;4;48
296;296-Olavarria II;Market;RESTO BS. AS.;4;4;4;4;4;4;4;4;4;4;4;4;48
297;297-Gral Rodriguez;Hipermercado;GRAN BS. AS.;9;9;9;9;9;9;9;9;9;9;9;9;108
298;298-Proxi Formosa 565;Express;CAP. FED.; S/D ; S/D ; S/D ; S/D ; S/D ; S/D ; S/D ; S/D ; S/D ; S/D ; S/D ; S/D ; -   
299;299-Proxi Arenales 975;Express;CAP. FED.; S/D ; S/D ; S/D ; S/D ; S/D ; S/D ; S/D ; S/D ; S/D ; S/D ; S/D ; S/D ; -   
300;300-Proxi Gral Deheza 2239;Express;CAP. FED.; S/D ; S/D ; S/D ; S/D ; S/D ; S/D ; S/D ; S/D ; S/D ; S/D ; S/D ; S/D ; -   
301;301-Proxi Av. Pueyrredon 2464;Express;CAP. FED.; S/D ; S/D ; S/D ; S/D ; S/D ; S/D ; S/D ; S/D ; S/D ; S/D ; S/D ; S/D ; -   
302;302-Proxi Esmeralda 823;Express;CAP. FED.; S/D ; S/D ; S/D ; S/D ; S/D ; S/D ; S/D ; S/D ; S/D ; S/D ; S/D ; S/D ; -   
303;303-Proxi Talcahuano 841;Express;CAP. FED.; S/D ; S/D ; S/D ; S/D ; S/D ; S/D ; S/D ; S/D ; S/D ; S/D ; S/D ; S/D ; -   
304;304-Proxi Suipacha 726;Express;CAP. FED.; S/D ; S/D ; S/D ; S/D ; S/D ; S/D ; S/D ; S/D ; S/D ; S/D ; S/D ; S/D ; -   
305;305-Proxi Maipu 556;Express;CAP. FED.; S/D ; S/D ; S/D ; S/D ; S/D ; S/D ; S/D ; S/D ; S/D ; S/D ; S/D ; S/D ; -   
306;306-Proxi Fray Oro 2709;Express;CAP. FED.; S/D ; S/D ; S/D ; S/D ; S/D ; S/D ; S/D ; S/D ; S/D ; S/D ; S/D ; S/D ; -   
307;307-Proxi Las Heras 1936;Express;CAP. FED.; S/D ; S/D ; S/D ; S/D ; S/D ; S/D ; S/D ; S/D ; S/D ; S/D ; S/D ; S/D ; -   
308;308-Proxi Maipu 171;Express;CAP. FED.; S/D ; S/D ; S/D ; S/D ; S/D ; S/D ; S/D ; S/D ; S/D ; S/D ; S/D ; S/D ; -   
309;309-Proxi Campana 3050;Express;CAP. FED.; S/D ; S/D ; S/D ; S/D ; S/D ; S/D ; S/D ; S/D ; S/D ; S/D ; S/D ; S/D ; -   
310;310-Proxi Chivilcoy 3840;Express;CAP. FED.; S/D ; S/D ; S/D ; S/D ; S/D ; S/D ; S/D ; S/D ; S/D ; S/D ; S/D ; S/D ; -   
311;311-Proxi Monroe 2771;Express;CAP. FED.; S/D ; S/D ; S/D ; S/D ; S/D ; S/D ; S/D ; S/D ; S/D ; S/D ; S/D ; S/D ; -   
312;312-Proxi Cerviño 4634;Express;CAP. FED.; S/D ; S/D ; S/D ; S/D ; S/D ; S/D ; S/D ; S/D ; S/D ; S/D ; S/D ; S/D ; -   
313;313-Proxi Montañeses 2267;Express;CAP. FED.; S/D ; S/D ; S/D ; S/D ; S/D ; S/D ; S/D ; S/D ; S/D ; S/D ; S/D ; S/D ; -   
314;314-Proxi Segurola 2344;Express;CAP. FED.; S/D ; S/D ; S/D ; S/D ; S/D ; S/D ; S/D ; S/D ; S/D ; S/D ; S/D ; S/D ; -   
315;315-Proxi Varela 3191;Express;CAP. FED.; S/D ; S/D ; S/D ; S/D ; S/D ; S/D ; S/D ; S/D ; S/D ; S/D ; S/D ; S/D ; -   
316;316-Proxi Ramón Falcón 2402;Express;CAP. FED.; S/D ; S/D ; S/D ; S/D ; S/D ; S/D ; S/D ; S/D ; S/D ; S/D ; S/D ; S/D ; -   
317;317-Proxi Anchorena 1253;Express;CAP. FED.; S/D ; S/D ; S/D ; S/D ; S/D ; S/D ; S/D ; S/D ; S/D ; S/D ; S/D ; S/D ; -   
318;318-Proxi Arroyo 859;Express;CAP. FED.; S/D ; S/D ; S/D ; S/D ; S/D ; S/D ; S/D ; S/D ; S/D ; S/D ; S/D ; S/D ; -   
319;319-Proxi C. Larralde 2718;Express;CAP. FED.; S/D ; S/D ; S/D ; S/D ; S/D ; S/D ; S/D ; S/D ; S/D ; S/D ; S/D ; S/D ; -   
320;320-Proxi Sucre 2490;Express;CAP. FED.; S/D ; S/D ; S/D ; S/D ; S/D ; S/D ; S/D ; S/D ; S/D ; S/D ; S/D ; S/D ; -   
321;321-Proxi Cangallo 33;Express;CAP. FED.; S/D ; S/D ; S/D ; S/D ; S/D ; S/D ; S/D ; S/D ; S/D ; S/D ; S/D ; S/D ; -   
322;322-Proxi Del Carril 3210;Express;CAP. FED.; S/D ; S/D ; S/D ; S/D ; S/D ; S/D ; S/D ; S/D ; S/D ; S/D ; S/D ; S/D ; -   
323;323-Proxi Montes De Oca 304;Express;CAP. FED.; S/D ; S/D ; S/D ; S/D ; S/D ; S/D ; S/D ; S/D ; S/D ; S/D ; S/D ; S/D ; -   
324;324-Proxi Directorio 1766;Express;CAP. FED.; S/D ; S/D ; S/D ; S/D ; S/D ; S/D ; S/D ; S/D ; S/D ; S/D ; S/D ; S/D ; -   
325;325-Proxi Vidal 2355;Express;CAP. FED.; S/D ; S/D ; S/D ; S/D ; S/D ; S/D ; S/D ; S/D ; S/D ; S/D ; S/D ; S/D ; -   
326;326-Proxi Jonte 4872;Express;CAP. FED.; S/D ; S/D ; S/D ; S/D ; S/D ; S/D ; S/D ; S/D ; S/D ; S/D ; S/D ; S/D ; -   
327;327-Proxi Las Heras 2643;Express;CAP. FED.; S/D ; S/D ; S/D ; S/D ; S/D ; S/D ; S/D ; S/D ; S/D ; S/D ; S/D ; S/D ; -   
328;328-Proxi Godoy Cruz 2793;Express;CAP. FED.; S/D ; S/D ; S/D ; S/D ; S/D ; S/D ; S/D ; S/D ; S/D ; S/D ; S/D ; S/D ; -   
329;329-Proxi Lavalle 1747;Express;CAP. FED.; S/D ; S/D ; S/D ; S/D ; S/D ; S/D ; S/D ; S/D ; S/D ; S/D ; S/D ; S/D ; -   
330;330-Proxi Fitz Roy 2470;Express;CAP. FED.; S/D ; S/D ; S/D ; S/D ; S/D ; S/D ; S/D ; S/D ; S/D ; S/D ; S/D ; S/D ; -   
331;331-Proxi Charcas 3171;Express;CAP. FED.; S/D ; S/D ; S/D ; S/D ; S/D ; S/D ; S/D ; S/D ; S/D ; S/D ; S/D ; S/D ; -   
332;332-Proxi Billinghurst 1380;Express;CAP. FED.; S/D ; S/D ; S/D ; S/D ; S/D ; S/D ; S/D ; S/D ; S/D ; S/D ; S/D ; S/D ; -   
334;334-Proxi Paraguay 521;Express;CAP. FED.; S/D ; S/D ; S/D ; S/D ; S/D ; S/D ; S/D ; S/D ; S/D ; S/D ; S/D ; S/D ; -   
335;335-Proxi Cuba 2776;Express;CAP. FED.; S/D ; S/D ; S/D ; S/D ; S/D ; S/D ; S/D ; S/D ; S/D ; S/D ; S/D ; S/D ; -   
336;336-Proxi Charcas 3315;Express;CAP. FED.; S/D ; S/D ; S/D ; S/D ; S/D ; S/D ; S/D ; S/D ; S/D ; S/D ; S/D ; S/D ; -   
337;337-Proxi Lacroze 2566;Express;CAP. FED.; S/D ; S/D ; S/D ; S/D ; S/D ; S/D ; S/D ; S/D ; S/D ; S/D ; S/D ; S/D ; -   
338;338-Proxi Tucuman 831;Express;CAP. FED.; S/D ; S/D ; S/D ; S/D ; S/D ; S/D ; S/D ; S/D ; S/D ; S/D ; S/D ; S/D ; -   
339;339-Proxi Los Incas 4466;Express;CAP. FED.; S/D ; S/D ; S/D ; S/D ; S/D ; S/D ; S/D ; S/D ; S/D ; S/D ; S/D ; S/D ; -   
340;340 - Proxi Ortega y Gasset 1876;Express;CAP. FED.; S/D ; S/D ; S/D ; S/D ; S/D ; S/D ; S/D ; S/D ; S/D ; S/D ; S/D ; S/D ; -   
341;341-Proxi Viamonte 352;Express;CAP. FED.; S/D ; S/D ; S/D ; S/D ; S/D ; S/D ; S/D ; S/D ; S/D ; S/D ; S/D ; S/D ; -   
343;343-Proxi Amenabar 1187;Express;CAP. FED.; S/D ; S/D ; S/D ; S/D ; S/D ; S/D ; S/D ; S/D ; S/D ; S/D ; S/D ; S/D ; -   
344;344-Proxi Marcelo T. Alvear 2251;Express;CAP. FED.; S/D ; S/D ; S/D ; S/D ; S/D ; S/D ; S/D ; S/D ; S/D ; S/D ; S/D ; S/D ; -   
345;345-Proxi Pueyrredon 672;Express;CAP. FED.; S/D ; S/D ; S/D ; S/D ; S/D ; S/D ; S/D ; S/D ; S/D ; S/D ; S/D ; S/D ; -   
346;346-Proxi Suarez 1599;Express;CAP. FED.; S/D ; S/D ; S/D ; S/D ; S/D ; S/D ; S/D ; S/D ; S/D ; S/D ; S/D ; S/D ; -   
347;347-Proxi Pacheco de Melo 2648;Express;CAP. FED.; S/D ; S/D ; S/D ; S/D ; S/D ; S/D ; S/D ; S/D ; S/D ; S/D ; S/D ; S/D ; -   
348;348-Proxi Rivadavia 3421;Express;CAP. FED.; S/D ; S/D ; S/D ; S/D ; S/D ; S/D ; S/D ; S/D ; S/D ; S/D ; S/D ; S/D ; -   
349;349-Proxi Av Cabildo 34;Express;CAP. FED.; S/D ; S/D ; S/D ; S/D ; S/D ; S/D ; S/D ; S/D ; S/D ; S/D ; S/D ; S/D ; -   
350;350-Proxi Humboldt 1962;Express;CAP. FED.; S/D ; S/D ; S/D ; S/D ; S/D ; S/D ; S/D ; S/D ; S/D ; S/D ; S/D ; S/D ; -   
351;351-Proxi Echeverría 2067;Express;CAP. FED.; S/D ; S/D ; S/D ; S/D ; S/D ; S/D ; S/D ; S/D ; S/D ; S/D ; S/D ; S/D ; -   
352;352-Proxi Rodriguez Peña 1183;Express;CAP. FED.; S/D ; S/D ; S/D ; S/D ; S/D ; S/D ; S/D ; S/D ; S/D ; S/D ; S/D ; S/D ; -   
353;353-Proxi Talcahuano 467;Express;CAP. FED.; S/D ; S/D ; S/D ; S/D ; S/D ; S/D ; S/D ; S/D ; S/D ; S/D ; S/D ; S/D ; -   
354;354-Proxi Parana 1053;Express;CAP. FED.; S/D ; S/D ; S/D ; S/D ; S/D ; S/D ; S/D ; S/D ; S/D ; S/D ; S/D ; S/D ; -   
355;355-Proxi Pueyrredon 1054;Express;CAP. FED.; S/D ; S/D ; S/D ; S/D ; S/D ; S/D ; S/D ; S/D ; S/D ; S/D ; S/D ; S/D ; -   
356;356-Proxi Callao 1289;Express;CAP. FED.; S/D ; S/D ; S/D ; S/D ; S/D ; S/D ; S/D ; S/D ; S/D ; S/D ; S/D ; S/D ; -   
357;357-Proxi Sarmiento 1592;Express;CAP. FED.; S/D ; S/D ; S/D ; S/D ; S/D ; S/D ; S/D ; S/D ; S/D ; S/D ; S/D ; S/D ; -   
359;359-Proxi Av de Mayo 1446;Express;CAP. FED.; S/D ; S/D ; S/D ; S/D ; S/D ; S/D ; S/D ; S/D ; S/D ; S/D ; S/D ; S/D ; -   
360;360-Proxi Los Incas 5174;Express;CAP. FED.; S/D ; S/D ; S/D ; S/D ; S/D ; S/D ; S/D ; S/D ; S/D ; S/D ; S/D ; S/D ; -   
361;361-Proxi Moldes 1718;Express;CAP. FED.; S/D ; S/D ; S/D ; S/D ; S/D ; S/D ; S/D ; S/D ; S/D ; S/D ; S/D ; S/D ; -   
362;362-Proxi Directorio 1069;Express;CAP. FED.; S/D ; S/D ; S/D ; S/D ; S/D ; S/D ; S/D ; S/D ; S/D ; S/D ; S/D ; S/D ; -   
363;363-Proxi Independencia 1833;Express;CAP. FED.; S/D ; S/D ; S/D ; S/D ; S/D ; S/D ; S/D ; S/D ; S/D ; S/D ; S/D ; S/D ; -   
364;364-Proxi Ciudad de la Paz 353;Express;CAP. FED.; S/D ; S/D ; S/D ; S/D ; S/D ; S/D ; S/D ; S/D ; S/D ; S/D ; S/D ; S/D ; -   
365;365-Proxi Nazca 1944;Express;CAP. FED.; S/D ; S/D ; S/D ; S/D ; S/D ; S/D ; S/D ; S/D ; S/D ; S/D ; S/D ; S/D ; -   
367;367-Proxi Estado de Israel 4309;Express;CAP. FED.; S/D ; S/D ; S/D ; S/D ; S/D ; S/D ; S/D ; S/D ; S/D ; S/D ; S/D ; S/D ; -   
368;368-Proxi Cuba 2919;Express;CAP. FED.; S/D ; S/D ; S/D ; S/D ; S/D ; S/D ; S/D ; S/D ; S/D ; S/D ; S/D ; S/D ; -   
369;369-Proxi Caseros 2864;Express;CAP. FED.; S/D ; S/D ; S/D ; S/D ; S/D ; S/D ; S/D ; S/D ; S/D ; S/D ; S/D ; S/D ; -   
370;370-Proxi Juan B. Alberdi 371;Express;CAP. FED.; S/D ; S/D ; S/D ; S/D ; S/D ; S/D ; S/D ; S/D ; S/D ; S/D ; S/D ; S/D ; -   
371;371-Proxi Olazabal 5483;Express;CAP. FED.; S/D ; S/D ; S/D ; S/D ; S/D ; S/D ; S/D ; S/D ; S/D ; S/D ; S/D ; S/D ; -   
372;372-Proxi Av. San Martín 2494;Express;CAP. FED.; S/D ; S/D ; S/D ; S/D ; S/D ; S/D ; S/D ; S/D ; S/D ; S/D ; S/D ; S/D ; -   
373;373-Proxi 11 de Septiembre 3910;Express;CAP. FED.; S/D ; S/D ; S/D ; S/D ; S/D ; S/D ; S/D ; S/D ; S/D ; S/D ; S/D ; S/D ; -   
374;374-Proxi Av. Rómulo Naon 2401;Express;CAP. FED.; S/D ; S/D ; S/D ; S/D ; S/D ; S/D ; S/D ; S/D ; S/D ; S/D ; S/D ; S/D ; -   
375;375-Proxi Esmerlda 428;Express;CAP. FED.; S/D ; S/D ; S/D ; S/D ; S/D ; S/D ; S/D ; S/D ; S/D ; S/D ; S/D ; S/D ; -   
376;376-Proxi Jonte 3709;Express;CAP. FED.; S/D ; S/D ; S/D ; S/D ; S/D ; S/D ; S/D ; S/D ; S/D ; S/D ; S/D ; S/D ; -   
378;378-Proxi Billinghurst 1872-6;Express;CAP. FED.; S/D ; S/D ; S/D ; S/D ; S/D ; S/D ; S/D ; S/D ; S/D ; S/D ; S/D ; S/D ; -   
379;379-Proxi Maipu 26;Express;CAP. FED.; S/D ; S/D ; S/D ; S/D ; S/D ; S/D ; S/D ; S/D ; S/D ; S/D ; S/D ; S/D ; -   
380;380-Proxi Otamendi 454;Express;CAP. FED.; S/D ; S/D ; S/D ; S/D ; S/D ; S/D ; S/D ; S/D ; S/D ; S/D ; S/D ; S/D ; -   
381;381- Super Recoleta 2;Market;CAP. FED.;3;3;3;3;3;3;2;2;2;4;5;5;38
383;383-Venta Directa;Express;CAP. FED.; S/D ; S/D ; S/D ; S/D ; S/D ; S/D ; S/D ; S/D ; S/D ; S/D ; S/D ; S/D ; -   
384;384- Super Villa Crespo;Market;CAP. FED.;3;3;3;3;3;3;3;2;3;3;2;5;37
385;385- Super San Telmo;Market;CAP. FED.;3;3;3;3;3;3;3;3;3;3;4;0;35
386;386- Super Monserrat;Market;CAP. FED.;4;4;4;4;4;4;4;3;4;4;5;6;49
387;387- Super Nuñez 2;Market;CAP. FED.;3;3;3;3;3;3;3;2;2;2;3;5;35
388;388- Super Adrogué;Market;GRAN BS. AS.;6;6;6;6;6;6;6;6;6;6;6;6;72
389;389-Super Carranza;Market;CAP. FED.;4;4;4;4;4;4;3;3;3;3;4;6;45
390;390-Super Caballito;Market;CAP. FED.;2;2;2;2;2;2;2;2;2;2;3;3;25
391;391-Proxi Cabildo 2865;Express;CAP. FED.; S/D ; S/D ; S/D ; S/D ; S/D ; S/D ; S/D ; S/D ; S/D ; S/D ; S/D ; S/D ; -   
392;392-Proxi J. L. Borges 2463-65;Express;CAP. FED.; S/D ; S/D ; S/D ; S/D ; S/D ; S/D ; S/D ; S/D ; S/D ; S/D ; S/D ; S/D ; -   
394;394-Proxi Santa Fe 4489-91;Express;CAP. FED.; S/D ; S/D ; S/D ; S/D ; S/D ; S/D ; S/D ; S/D ; S/D ; S/D ; S/D ; S/D ; -   
395;395-Proxi Federico Lacroze 4106;Express;CAP. FED.; S/D ; S/D ; S/D ; S/D ; S/D ; S/D ; S/D ; S/D ; S/D ; S/D ; S/D ; S/D ; -   
396;396-Proxi San Martin 2289;Express;CAP. FED.; S/D ; S/D ; S/D ; S/D ; S/D ; S/D ; S/D ; S/D ; S/D ; S/D ; S/D ; S/D ; -   
397;397-Proxi Corrientes 5980;Express;CAP. FED.; S/D ; S/D ; S/D ; S/D ; S/D ; S/D ; S/D ; S/D ; S/D ; S/D ; S/D ; S/D ; -   
398;398-Proxi Av. Rivadavia 9436;Express;CAP. FED.; S/D ; S/D ; S/D ; S/D ; S/D ; S/D ; S/D ; S/D ; S/D ; S/D ; S/D ; S/D ; -   
400;400-Proxi Centenera 177;Express;CAP. FED.; S/D ; S/D ; S/D ; S/D ; S/D ; S/D ; S/D ; S/D ; S/D ; S/D ; S/D ; S/D ; -   
402;402-Proxi Av. Corrientes 1974;Express;CAP. FED.; S/D ; S/D ; S/D ; S/D ; S/D ; S/D ; S/D ; S/D ; S/D ; S/D ; S/D ; S/D ; -   
403;403-Proxi Av Santa Fe 5052;Express;CAP. FED.; S/D ; S/D ; S/D ; S/D ; S/D ; S/D ; S/D ; S/D ; S/D ; S/D ; S/D ; S/D ; -   
404;404-Proxi Medrano 686;Express;CAP. FED.; S/D ; S/D ; S/D ; S/D ; S/D ; S/D ; S/D ; S/D ; S/D ; S/D ; S/D ; S/D ; -   
405;405-Proxi J. B. Alberdi 5719-23;Express;CAP. FED.; S/D ; S/D ; S/D ; S/D ; S/D ; S/D ; S/D ; S/D ; S/D ; S/D ; S/D ; S/D ; -   
406;406-Proxi Salta 1637-39;Express;CAP. FED.; S/D ; S/D ; S/D ; S/D ; S/D ; S/D ; S/D ; S/D ; S/D ; S/D ; S/D ; S/D ; -   
408;408-Proxi Peru 916;Express;CAP. FED.; S/D ; S/D ; S/D ; S/D ; S/D ; S/D ; S/D ; S/D ; S/D ; S/D ; S/D ; S/D ; -   
409;409-Proxi Gaona 3567;Express;CAP. FED.; S/D ; S/D ; S/D ; S/D ; S/D ; S/D ; S/D ; S/D ; S/D ; S/D ; S/D ; S/D ; -   
410;410-Proxi Tucumán 2173;Express;CAP. FED.; S/D ; S/D ; S/D ; S/D ; S/D ; S/D ; S/D ; S/D ; S/D ; S/D ; S/D ; S/D ; -   
411;411-Proxi Av. E. Peron 3479;Express;CAP. FED.; S/D ; S/D ; S/D ; S/D ; S/D ; S/D ; S/D ; S/D ; S/D ; S/D ; S/D ; S/D ; -   
412;412-Proxi Av. Caseros 3535;Express;CAP. FED.; S/D ; S/D ; S/D ; S/D ; S/D ; S/D ; S/D ; S/D ; S/D ; S/D ; S/D ; S/D ; -   
413;413-Proxi Venezuela 4086;Express;CAP. FED.; S/D ; S/D ; S/D ; S/D ; S/D ; S/D ; S/D ; S/D ; S/D ; S/D ; S/D ; S/D ; -   
414;414-Proxi Av. San Juan 3900;Express;CAP. FED.; S/D ; S/D ; S/D ; S/D ; S/D ; S/D ; S/D ; S/D ; S/D ; S/D ; S/D ; S/D ; -   
415;415-Proxi Av. San Juan 4351;Express;CAP. FED.; S/D ; S/D ; S/D ; S/D ; S/D ; S/D ; S/D ; S/D ; S/D ; S/D ; S/D ; S/D ; -   
416;416-Proxi Av. Almafuerte 880;Express;CAP. FED.; S/D ; S/D ; S/D ; S/D ; S/D ; S/D ; S/D ; S/D ; S/D ; S/D ; S/D ; S/D ; -   
417;417-Proxi F. Cayetano 464;Express;CAP. FED.; S/D ; S/D ; S/D ; S/D ; S/D ; S/D ; S/D ; S/D ; S/D ; S/D ; S/D ; S/D ; -   
418;418-Proxi Carlos Calvo 1826;Express;CAP. FED.; S/D ; S/D ; S/D ; S/D ; S/D ; S/D ; S/D ; S/D ; S/D ; S/D ; S/D ; S/D ; -   
419;419-Proxi Olavarria 469;Express;CAP. FED.; S/D ; S/D ; S/D ; S/D ; S/D ; S/D ; S/D ; S/D ; S/D ; S/D ; S/D ; S/D ; -   
420;420-Proxi Av. Gaona 1384;Express;CAP. FED.; S/D ; S/D ; S/D ; S/D ; S/D ; S/D ; S/D ; S/D ; S/D ; S/D ; S/D ; S/D ; -   
421;421-Proxi Av. Belgrano 3447;Express;CAP. FED.; S/D ; S/D ; S/D ; S/D ; S/D ; S/D ; S/D ; S/D ; S/D ; S/D ; S/D ; S/D ; -   
422;422-Proxi Murature 2169 (V.Fiorito);Express;GRAN BS. AS.; S/D ; S/D ; S/D ; S/D ; S/D ; S/D ; S/D ; S/D ; S/D ; S/D ; S/D ; S/D ; -   
423;423-Proxi Av. Castañares 4854;Express;CAP. FED.; S/D ; S/D ; S/D ; S/D ; S/D ; S/D ; S/D ; S/D ; S/D ; S/D ; S/D ; S/D ; -   
424;424-Proxi Mitre 226 (Lujan);Express;GRAN BS. AS.; S/D ; S/D ; S/D ; S/D ; S/D ; S/D ; S/D ; S/D ; S/D ; S/D ; S/D ; S/D ; -   
425;425-J.M. de Rosas 2533 (J.L.S.);Express;GRAN BS. AS.; S/D ; S/D ; S/D ; S/D ; S/D ; S/D ; S/D ; S/D ; S/D ; S/D ; S/D ; S/D ; -   
426;426-Proxi Montañeses 2067;Express;CAP. FED.; S/D ; S/D ; S/D ; S/D ; S/D ; S/D ; S/D ; S/D ; S/D ; S/D ; S/D ; S/D ; -   
427;427 - Proxi Rivadavia 16051 (Haedo);Express;GRAN BS. AS.; S/D ; S/D ; S/D ; S/D ; S/D ; S/D ; S/D ; S/D ; S/D ; S/D ; S/D ; S/D ; -   
428;428-Proxi Rosario Nº4558(Sordeaux);Express;GRAN BS. AS.; S/D ; S/D ; S/D ; S/D ; S/D ; S/D ; S/D ; S/D ; S/D ; S/D ; S/D ; S/D ; -   
429;429-Proxi Indep. 4731 (V.Ballester);Express;GRAN BS. AS.; S/D ; S/D ; S/D ; S/D ; S/D ; S/D ; S/D ; S/D ; S/D ; S/D ; S/D ; S/D ; -   
430;430-Proxi carrillo 2170 (S.Martin);Express;GRAN BS. AS.; S/D ; S/D ; S/D ; S/D ; S/D ; S/D ; S/D ; S/D ; S/D ; S/D ; S/D ; S/D ; -   
431;431-Proxi Av.Peron 3283 (Victoria);Express;GRAN BS. AS.; S/D ; S/D ; S/D ; S/D ; S/D ; S/D ; S/D ; S/D ; S/D ; S/D ; S/D ; S/D ; -   
433;433-Proxi Madero 1050 -R26 (D.Viso);Express;GRAN BS. AS.; S/D ; S/D ; S/D ; S/D ; S/D ; S/D ; S/D ; S/D ; S/D ; S/D ; S/D ; S/D ; -   
435;435-Proxi Ruta 26 162 (Savio);Express;GRAN BS. AS.; S/D ; S/D ; S/D ; S/D ; S/D ; S/D ; S/D ; S/D ; S/D ; S/D ; S/D ; S/D ; -   
436;436-Proxi Parana  6543 (V. Adelina);Express;GRAN BS. AS.; S/D ; S/D ; S/D ; S/D ; S/D ; S/D ; S/D ; S/D ; S/D ; S/D ; S/D ; S/D ; -   
437;437-Proxi Centenario 1890 (Beccar);Express;GRAN BS. AS.; S/D ; S/D ; S/D ; S/D ; S/D ; S/D ; S/D ; S/D ; S/D ; S/D ; S/D ; S/D ; -   
438;438-Proxi 25 Mayo 2650(Polvorines);Express;GRAN BS. AS.; S/D ; S/D ; S/D ; S/D ; S/D ; S/D ; S/D ; S/D ; S/D ; S/D ; S/D ; S/D ; -   
439;439-Proxi G. Arias 2420 (Castelar);Express;GRAN BS. AS.; S/D ; S/D ; S/D ; S/D ; S/D ; S/D ; S/D ; S/D ; S/D ; S/D ; S/D ; S/D ; -   
440;440-Proxi Av. Cazon 1336 (Tigre);Express;GRAN BS. AS.; S/D ; S/D ; S/D ; S/D ; S/D ; S/D ; S/D ; S/D ; S/D ; S/D ; S/D ; S/D ; -   
441;441-Proxi V. Sarfield 4690 (Munro);Express;GRAN BS. AS.; S/D ; S/D ; S/D ; S/D ; S/D ; S/D ; S/D ; S/D ; S/D ; S/D ; S/D ; S/D ; -   
442;442-Proxi Sarmiento 837 (Moron);Express;GRAN BS. AS.; S/D ; S/D ; S/D ; S/D ; S/D ; S/D ; S/D ; S/D ; S/D ; S/D ; S/D ; S/D ; -   
443;443-Proxi Los Tilos 711 (Don Bosco);Express;GRAN BS. AS.; S/D ; S/D ; S/D ; S/D ; S/D ; S/D ; S/D ; S/D ; S/D ; S/D ; S/D ; S/D ; -   
444;444-Proxi Belgrano 6498(Varela);Express;GRAN BS. AS.; S/D ; S/D ; S/D ; S/D ; S/D ; S/D ; S/D ; S/D ; S/D ; S/D ; S/D ; S/D ; -   
445;445-Proxi Av.Arana 231 (V. Elisa);Express;GRAN BS. AS.; S/D ; S/D ; S/D ; S/D ; S/D ; S/D ; S/D ; S/D ; S/D ; S/D ; S/D ; S/D ; -   
446;446-Proxi E. Peron 4461(M.Chingolo);Express;GRAN BS. AS.; S/D ; S/D ; S/D ; S/D ; S/D ; S/D ; S/D ; S/D ; S/D ; S/D ; S/D ; S/D ; -   
447;447-Proxi D`Elia 1649(V Industrial);Express;GRAN BS. AS.; S/D ; S/D ; S/D ; S/D ; S/D ; S/D ; S/D ; S/D ; S/D ; S/D ; S/D ; S/D ; -   
448;448-Proxi C.Pellegrini 844(Burzaco);Express;GRAN BS. AS.; S/D ; S/D ; S/D ; S/D ; S/D ; S/D ; S/D ; S/D ; S/D ; S/D ; S/D ; S/D ; -   
449;449 - Proxi Sallares 151 (F.Varela);Express;GRAN BS. AS.; S/D ; S/D ; S/D ; S/D ; S/D ; S/D ; S/D ; S/D ; S/D ; S/D ; S/D ; S/D ; -   
450;450-Proxi Bolivar 1343 (Longchamps);Express;GRAN BS. AS.; S/D ; S/D ; S/D ; S/D ; S/D ; S/D ; S/D ; S/D ; S/D ; S/D ; S/D ; S/D ; -   
451;451-Proxi Guatambu 12 (Guatambu);Express;GRAN BS. AS.; S/D ; S/D ; S/D ; S/D ; S/D ; S/D ; S/D ; S/D ; S/D ; S/D ; S/D ; S/D ; -   
452;452-Proxi Centenario 5331(Ezpeleta);Express;GRAN BS. AS.; S/D ; S/D ; S/D ; S/D ; S/D ; S/D ; S/D ; S/D ; S/D ; S/D ; S/D ; S/D ; -   
453;453-Proxi M. Rodriguez 1399 (Lanus);Express;GRAN BS. AS.; S/D ; S/D ; S/D ; S/D ; S/D ; S/D ; S/D ; S/D ; S/D ; S/D ; S/D ; S/D ; -   
454;454-Proxi Mitre 573 (Quilmes 2);Express;GRAN BS. AS.; S/D ; S/D ; S/D ; S/D ; S/D ; S/D ; S/D ; S/D ; S/D ; S/D ; S/D ; S/D ; -   
455;455-Proxi Av. Yrigoyen 2323 (Gerli);Express;GRAN BS. AS.; S/D ; S/D ; S/D ; S/D ; S/D ; S/D ; S/D ; S/D ; S/D ; S/D ; S/D ; S/D ; -   
456;456-Proxi San Martin 3960(Diamante);Express;GRAN BS. AS.; S/D ; S/D ; S/D ; S/D ; S/D ; S/D ; S/D ; S/D ; S/D ; S/D ; S/D ; S/D ; -   
457;457-Proxi Sarmiento y Moreno(Glew);Express;GRAN BS. AS.; S/D ; S/D ; S/D ; S/D ; S/D ; S/D ; S/D ; S/D ; S/D ; S/D ; S/D ; S/D ; -   
458;458-Proxi C. de Alas 2146(Budge);Express;GRAN BS. AS.; S/D ; S/D ; S/D ; S/D ; S/D ; S/D ; S/D ; S/D ; S/D ; S/D ; S/D ; S/D ; -   
459;459-Proxi Gral Belgrano 4861(Lanus);Express;GRAN BS. AS.; S/D ; S/D ; S/D ; S/D ; S/D ; S/D ; S/D ; S/D ; S/D ; S/D ; S/D ; S/D ; -   
460;460-Proxi Eva Perón 3330 (Lanus E);Express;GRAN BS. AS.; S/D ; S/D ; S/D ; S/D ; S/D ; S/D ; S/D ; S/D ; S/D ; S/D ; S/D ; S/D ; -   
461;461-Proxi Salta 160 (San Jose);Express;GRAN BS. AS.; S/D ; S/D ; S/D ; S/D ; S/D ; S/D ; S/D ; S/D ; S/D ; S/D ; S/D ; S/D ; -   
462;462-Proxi 12 Octubre 520 (Quilmes);Express;GRAN BS. AS.; S/D ; S/D ; S/D ; S/D ; S/D ; S/D ; S/D ; S/D ; S/D ; S/D ; S/D ; S/D ; -   
463;463-Proxi J.D Peron 2640 (V.Alsina);Express;GRAN BS. AS.; S/D ; S/D ; S/D ; S/D ; S/D ; S/D ; S/D ; S/D ; S/D ; S/D ; S/D ; S/D ; -   
464;464-Proxi Av. Peron 5492 (La Noria);Express;GRAN BS. AS.; S/D ; S/D ; S/D ; S/D ; S/D ; S/D ; S/D ; S/D ; S/D ; S/D ; S/D ; S/D ; -   
465;465-Proxi Av. Mitre 6328 (Wilde);Express;GRAN BS. AS.; S/D ; S/D ; S/D ; S/D ; S/D ; S/D ; S/D ; S/D ; S/D ; S/D ; S/D ; S/D ; -   
466;466-Proxi 29 Septiembre 1880(Lanus);Express;GRAN BS. AS.; S/D ; S/D ; S/D ; S/D ; S/D ; S/D ; S/D ; S/D ; S/D ; S/D ; S/D ; S/D ; -   
467;467-Proxi B.A.Alcorta 2854 (Moreno);Express;GRAN BS. AS.; S/D ; S/D ; S/D ; S/D ; S/D ; S/D ; S/D ; S/D ; S/D ; S/D ; S/D ; S/D ; -   
468;468-Proxi J.M Rosas 6956(Casanova);Express;GRAN BS. AS.; S/D ; S/D ; S/D ; S/D ; S/D ; S/D ; S/D ; S/D ; S/D ; S/D ; S/D ; S/D ; -   
469;469-Proxi Fraga 1629 (San Miguel);Express;GRAN BS. AS.; S/D ; S/D ; S/D ; S/D ; S/D ; S/D ; S/D ; S/D ; S/D ; S/D ; S/D ; S/D ; -   
470;470-Proxi El Payadir 5550 (V.Bosch);Express;GRAN BS. AS.; S/D ; S/D ; S/D ; S/D ; S/D ; S/D ; S/D ; S/D ; S/D ; S/D ; S/D ; S/D ; -   
471;471-Proxi Av. Luque 6101(Laferrere);Express;GRAN BS. AS.; S/D ; S/D ; S/D ; S/D ; S/D ; S/D ; S/D ; S/D ; S/D ; S/D ; S/D ; S/D ; -   
472;472-Proxi Jauretche1125(Hurlingham);Express;GRAN BS. AS.; S/D ; S/D ; S/D ; S/D ; S/D ; S/D ; S/D ; S/D ; S/D ; S/D ; S/D ; S/D ; -   
473;473-Proxi 9 de Julio 46 (R. Mejia2);Express;GRAN BS. AS.; S/D ; S/D ; S/D ; S/D ; S/D ; S/D ; S/D ; S/D ; S/D ; S/D ; S/D ; S/D ; -   
474;474-Proxi Echeverri  943 (Matera);Express;GRAN BS. AS.; S/D ; S/D ; S/D ; S/D ; S/D ; S/D ; S/D ; S/D ; S/D ; S/D ; S/D ; S/D ; -   
475;475-Proxi Av.de Mayo 1832 (R.Mejia);Express;GRAN BS. AS.; S/D ; S/D ; S/D ; S/D ; S/D ; S/D ; S/D ; S/D ; S/D ; S/D ; S/D ; S/D ; -   
476;476-Proxi Chilavert 1912(Chilavert);Express;GRAN BS. AS.; S/D ; S/D ; S/D ; S/D ; S/D ; S/D ; S/D ; S/D ; S/D ; S/D ; S/D ; S/D ; -   
477;477-Proxi E. Perez 4566 (G. Catan);Express;GRAN BS. AS.; S/D ; S/D ; S/D ; S/D ; S/D ; S/D ; S/D ; S/D ; S/D ; S/D ; S/D ; S/D ; -   
478;478 - Proxi Misiones 6572 (Palomar);Express;GRAN BS. AS.; S/D ; S/D ; S/D ; S/D ; S/D ; S/D ; S/D ; S/D ; S/D ; S/D ; S/D ; S/D ; -   
479;479-Proxi Eva Perón 4215 (Libertad);Express;GRAN BS. AS.; S/D ; S/D ; S/D ; S/D ; S/D ; S/D ; S/D ; S/D ; S/D ; S/D ; S/D ; S/D ; -   
480;480-Proxi Av. Crovara 875 (Crovara);Express;GRAN BS. AS.; S/D ; S/D ; S/D ; S/D ; S/D ; S/D ; S/D ; S/D ; S/D ; S/D ; S/D ; S/D ; -   
481;481-Proxi B.S. Mer 1398 (Tapiales);Express;GRAN BS. AS.; S/D ; S/D ; S/D ; S/D ; S/D ; S/D ; S/D ; S/D ; S/D ; S/D ; S/D ; S/D ; -   
482;482-Proxi Sullivan 1597 (Padua 2);Express;GRAN BS. AS.; S/D ; S/D ; S/D ; S/D ; S/D ; S/D ; S/D ; S/D ; S/D ; S/D ; S/D ; S/D ; -   
483;483-Proxi Av.Casares 642(Castillo);Express;GRAN BS. AS.; S/D ; S/D ; S/D ; S/D ; S/D ; S/D ; S/D ; S/D ; S/D ; S/D ; S/D ; S/D ; -   
484;484-Proxi del Carril 49(P.del Rey);Express;GRAN BS. AS.; S/D ; S/D ; S/D ; S/D ; S/D ; S/D ; S/D ; S/D ; S/D ; S/D ; S/D ; S/D ; -   
485;485-Proxi Av.J.D.Peron 23866(Padua);Express;GRAN BS. AS.; S/D ; S/D ; S/D ; S/D ; S/D ; S/D ; S/D ; S/D ; S/D ; S/D ; S/D ; S/D ; -   
486;486-Proxi Av.San Juan 1374;Express;CAP. FED.; S/D ; S/D ; S/D ; S/D ; S/D ; S/D ; S/D ; S/D ; S/D ; S/D ; S/D ; S/D ; -   
487;487-Proxi La Rioja 2040;Express;CAP. FED.; S/D ; S/D ; S/D ; S/D ; S/D ; S/D ; S/D ; S/D ; S/D ; S/D ; S/D ; S/D ; -   
488;488-Proxi Av. Belgrano 1562;Express;CAP. FED.; S/D ; S/D ; S/D ; S/D ; S/D ; S/D ; S/D ; S/D ; S/D ; S/D ; S/D ; S/D ; -   
489;489-Proxi Av. Caseros 2423;Express;CAP. FED.; S/D ; S/D ; S/D ; S/D ; S/D ; S/D ; S/D ; S/D ; S/D ; S/D ; S/D ; S/D ; -   
490;490-Super Recoleta 1;Market;CAP. FED.;3;3;3;3;3;3;2;2;3;3;3;4;36
491;491-Super Barracas;Market;CAP. FED.;4;4;4;4;4;4;4;4;5;5;6;3;50
492;492-Proxi Pedro Lozano 3150;Express;CAP. FED.; S/D ; S/D ; S/D ; S/D ; S/D ; S/D ; S/D ; S/D ; S/D ; S/D ; S/D ; S/D ; -   
493;493-Proxi Charcas 3940;Express;CAP. FED.; S/D ; S/D ; S/D ; S/D ; S/D ; S/D ; S/D ; S/D ; S/D ; S/D ; S/D ; S/D ; -   
494;494-Proxi Fco Segui 1519 (G.bourg);Express;GRAN BS. AS.; S/D ; S/D ; S/D ; S/D ; S/D ; S/D ; S/D ; S/D ; S/D ; S/D ; S/D ; S/D ; -   
495;495-Proxi Av.14 Nº5072(Berazategui);Express;GRAN BS. AS.; S/D ; S/D ; S/D ; S/D ; S/D ; S/D ; S/D ; S/D ; S/D ; S/D ; S/D ; S/D ; -   
496;496-Proxi J.Hernandez 130 (Ezeiza);Express;GRAN BS. AS.; S/D ; S/D ; S/D ; S/D ; S/D ; S/D ; S/D ; S/D ; S/D ; S/D ; S/D ; S/D ; -   
497;497-Proxi Av.J.D.Peron 25694(Merlo);Express;GRAN BS. AS.; S/D ; S/D ; S/D ; S/D ; S/D ; S/D ; S/D ; S/D ; S/D ; S/D ; S/D ; S/D ; -   
498;498-Proxi Luro 6329 (Laferrere);Express;GRAN BS. AS.; S/D ; S/D ; S/D ; S/D ; S/D ; S/D ; S/D ; S/D ; S/D ; S/D ; S/D ; S/D ; -   
499;499-Proxi Cristiania 1832(Casanova);Express;GRAN BS. AS.; S/D ; S/D ; S/D ; S/D ; S/D ; S/D ; S/D ; S/D ; S/D ; S/D ; S/D ; S/D ; -   
510;510-Super Almagro;Market;CAP. FED.;5;5;5;5;5;5;3;4;5;6;8;3;59
511;511-Super Once;Market;CAP. FED.;5;5;5;5;5;5;5;5;4;3;5;5;59
512;512-Super Pilar;Market;GRAN BS. AS.;6;6;6;6;6;6;6;6;6;6;6;6;72
514;514-Super V. Del Parque 2;Market;CAP. FED.;5;5;5;5;5;5;5;5;5;5;4;4;59
515;515-Super Devoto;Market;CAP. FED.;4;4;4;4;4;4;3;3;3;10;3;3;49
516;516-Super San Isidro;Market;GRAN BS. AS.;6;6;6;6;6;6;6;6;6;6;6;6;72
517;517-Super Congreso;Market;CAP. FED.;3;3;3;3;3;3;2;2;2;2;4;4;34
518;518-Super Olivos;Market;GRAN BS. AS.;6;6;6;6;6;6;6;6;6;6;6;6;72
519;519-Super Conde;Market;CAP. FED.;6;6;6;6;6;6;5;5;6;9;7;6;74
521;521 - Proxi Urquiza 4855 (Urquiza);Express;GRAN BS. AS.; S/D ; S/D ; S/D ; S/D ; S/D ; S/D ; S/D ; S/D ; S/D ; S/D ; S/D ; S/D ; -   
522;522-Proxi Arieta 2850 (San Justo);Express;GRAN BS. AS.; S/D ; S/D ; S/D ; S/D ; S/D ; S/D ; S/D ; S/D ; S/D ; S/D ; S/D ; S/D ; -   
523;523-Proxi Av. Rivadavia 11886;Express;GRAN BS. AS.; S/D ; S/D ; S/D ; S/D ; S/D ; S/D ; S/D ; S/D ; S/D ; S/D ; S/D ; S/D ; -   
524;524-Proxi Irigoyen 746(G.Rodriguez);Express;GRAN BS. AS.; S/D ; S/D ; S/D ; S/D ; S/D ; S/D ; S/D ; S/D ; S/D ; S/D ; S/D ; S/D ; -   
525;525-Proxi Crisólogo Larralde 3721;Express;CAP. FED.; S/D ; S/D ; S/D ; S/D ; S/D ; S/D ; S/D ; S/D ; S/D ; S/D ; S/D ; S/D ; -   
526;526-Proxi Honororio Pueyrredón 925;Express;CAP. FED.; S/D ; S/D ; S/D ; S/D ; S/D ; S/D ; S/D ; S/D ; S/D ; S/D ; S/D ; S/D ; -   
527;527-Proxi Fray J Sta M de Oro 2121;Express;CAP. FED.; S/D ; S/D ; S/D ; S/D ; S/D ; S/D ; S/D ; S/D ; S/D ; S/D ; S/D ; S/D ; -   
528;528-Proxi Aguirre 236;Express;CAP. FED.; S/D ; S/D ; S/D ; S/D ; S/D ; S/D ; S/D ; S/D ; S/D ; S/D ; S/D ; S/D ; -   
529;529-Proxi Viamonte 2296;Express;CAP. FED.; S/D ; S/D ; S/D ; S/D ; S/D ; S/D ; S/D ; S/D ; S/D ; S/D ; S/D ; S/D ; -   
530;530-Proxi Rivadavia 6074;Express;CAP. FED.; S/D ; S/D ; S/D ; S/D ; S/D ; S/D ; S/D ; S/D ; S/D ; S/D ; S/D ; S/D ; -   
531;531-Proxi Arévalo 1736;Express;CAP. FED.; S/D ; S/D ; S/D ; S/D ; S/D ; S/D ; S/D ; S/D ; S/D ; S/D ; S/D ; S/D ; -   
532;532-Proxi Av. Cabildo 3722;Express;CAP. FED.; S/D ; S/D ; S/D ; S/D ; S/D ; S/D ; S/D ; S/D ; S/D ; S/D ; S/D ; S/D ; -   
533;533-Proxi Rosario 85;Express;CAP. FED.; S/D ; S/D ; S/D ; S/D ; S/D ; S/D ; S/D ; S/D ; S/D ; S/D ; S/D ; S/D ; -   
534;534-Proxi Martiniano Leguizamon1576;Express;CAP. FED.; S/D ; S/D ; S/D ; S/D ; S/D ; S/D ; S/D ; S/D ; S/D ; S/D ; S/D ; S/D ; -   
535;535-Proxi Murguiondo 4324;Express;CAP. FED.; S/D ; S/D ; S/D ; S/D ; S/D ; S/D ; S/D ; S/D ; S/D ; S/D ; S/D ; S/D ; -   
536;536-Proxi Ricardo Balbin 4189;Express;CAP. FED.; S/D ; S/D ; S/D ; S/D ; S/D ; S/D ; S/D ; S/D ; S/D ; S/D ; S/D ; S/D ; -   
537;537-Proxi Charcas 4367;Express;CAP. FED.; S/D ; S/D ; S/D ; S/D ; S/D ; S/D ; S/D ; S/D ; S/D ; S/D ; S/D ; S/D ; -   
538;538-Proxi Hipolito Yrigoyen 3254;Express;CAP. FED.; S/D ; S/D ; S/D ; S/D ; S/D ; S/D ; S/D ; S/D ; S/D ; S/D ; S/D ; S/D ; -   
539;539-Proxi Donato Alvarez 837;Express;CAP. FED.; S/D ; S/D ; S/D ; S/D ; S/D ; S/D ; S/D ; S/D ; S/D ; S/D ; S/D ; S/D ; -   
540;540-Proxi Alem 432;Express;CAP. FED.; S/D ; S/D ; S/D ; S/D ; S/D ; S/D ; S/D ; S/D ; S/D ; S/D ; S/D ; S/D ; -   
541;541-Proxi Maipu 918;Express;CAP. FED.; S/D ; S/D ; S/D ; S/D ; S/D ; S/D ; S/D ; S/D ; S/D ; S/D ; S/D ; S/D ; -   
542;542-Proxi Segurola 279;Express;CAP. FED.; S/D ; S/D ; S/D ; S/D ; S/D ; S/D ; S/D ; S/D ; S/D ; S/D ; S/D ; S/D ; -   
543;543-Proxi Olazabal 5179;Express;CAP. FED.; S/D ; S/D ; S/D ; S/D ; S/D ; S/D ; S/D ; S/D ; S/D ; S/D ; S/D ; S/D ; -   
544;544-Proxi Juana Manso 550;Express;CAP. FED.; S/D ; S/D ; S/D ; S/D ; S/D ; S/D ; S/D ; S/D ; S/D ; S/D ; S/D ; S/D ; -   
545;545-Proxi Libertad 1039;Express;CAP. FED.; S/D ; S/D ; S/D ; S/D ; S/D ; S/D ; S/D ; S/D ; S/D ; S/D ; S/D ; S/D ; -   
546;546-Proxi Moreno 1902;Express;CAP. FED.; S/D ; S/D ; S/D ; S/D ; S/D ; S/D ; S/D ; S/D ; S/D ; S/D ; S/D ; S/D ; -   
547;547-Proxi Av. Dorrego 851;Express;CAP. FED.; S/D ; S/D ; S/D ; S/D ; S/D ; S/D ; S/D ; S/D ; S/D ; S/D ; S/D ; S/D ; -   
548;548- Proxi Congreso 5241;Express;CAP. FED.; S/D ; S/D ; S/D ; S/D ; S/D ; S/D ; S/D ; S/D ; S/D ; S/D ; S/D ; S/D ; -   
549;549-Proxi Suipacha 366;Express;CAP. FED.; S/D ; S/D ; S/D ; S/D ; S/D ; S/D ; S/D ; S/D ; S/D ; S/D ; S/D ; S/D ; -   
550;550-Proxi Sarmiento 3885;Express;CAP. FED.; S/D ; S/D ; S/D ; S/D ; S/D ; S/D ; S/D ; S/D ; S/D ; S/D ; S/D ; S/D ; -   
551;551-Proxi Monroe 3576;Express;CAP. FED.; S/D ; S/D ; S/D ; S/D ; S/D ; S/D ; S/D ; S/D ; S/D ; S/D ; S/D ; S/D ; -   
552;552-Proxi Rivadavia 3751;Express;CAP. FED.; S/D ; S/D ; S/D ; S/D ; S/D ; S/D ; S/D ; S/D ; S/D ; S/D ; S/D ; S/D ; -   
553;553-Proxi Cuzco 135;Express;CAP. FED.; S/D ; S/D ; S/D ; S/D ; S/D ; S/D ; S/D ; S/D ; S/D ; S/D ; S/D ; S/D ; -   
554;554-Proxi Chilavert 6280;Express;CAP. FED.; S/D ; S/D ; S/D ; S/D ; S/D ; S/D ; S/D ; S/D ; S/D ; S/D ; S/D ; S/D ; -   
555;555-Proxi Guemes 4161;Express;CAP. FED.; S/D ; S/D ; S/D ; S/D ; S/D ; S/D ; S/D ; S/D ; S/D ; S/D ; S/D ; S/D ; -   
556;556-Proxi Grecia 3595;Express;CAP. FED.; S/D ; S/D ; S/D ; S/D ; S/D ; S/D ; S/D ; S/D ; S/D ; S/D ; S/D ; S/D ; -   
557;557-Proxi Arzobispo Espinosa 1187;Express;CAP. FED.; S/D ; S/D ; S/D ; S/D ; S/D ; S/D ; S/D ; S/D ; S/D ; S/D ; S/D ; S/D ; -   
558;558-Proxi Sarmiento 345;Express;CAP. FED.; S/D ; S/D ; S/D ; S/D ; S/D ; S/D ; S/D ; S/D ; S/D ; S/D ; S/D ; S/D ; -   
559;559-Proxi Teodoro Garcia 2310;Express;CAP. FED.; S/D ; S/D ; S/D ; S/D ; S/D ; S/D ; S/D ; S/D ; S/D ; S/D ; S/D ; S/D ; -   
560;560-Proxi Mitre 1749;Express;CAP. FED.; S/D ; S/D ; S/D ; S/D ; S/D ; S/D ; S/D ; S/D ; S/D ; S/D ; S/D ; S/D ; -   
561;561- Proxi Angel Gallardo 940;Express;CAP. FED.; S/D ; S/D ; S/D ; S/D ; S/D ; S/D ; S/D ; S/D ; S/D ; S/D ; S/D ; S/D ; -   
562;562-Proxi San Martin 620;Express;CAP. FED.; S/D ; S/D ; S/D ; S/D ; S/D ; S/D ; S/D ; S/D ; S/D ; S/D ; S/D ; S/D ; -   
563;563-Proxi Hidalgo 955;Express;CAP. FED.; S/D ; S/D ; S/D ; S/D ; S/D ; S/D ; S/D ; S/D ; S/D ; S/D ; S/D ; S/D ; -   
565;565-Proxi Ecuador 932;Express;CAP. FED.; S/D ; S/D ; S/D ; S/D ; S/D ; S/D ; S/D ; S/D ; S/D ; S/D ; S/D ; S/D ; -   
566;566-Proxi Alvarez Thomas 1996;Express;CAP. FED.; S/D ; S/D ; S/D ; S/D ; S/D ; S/D ; S/D ; S/D ; S/D ; S/D ; S/D ; S/D ; -   
567;567-Proxi San Martin 6137;Express;CAP. FED.; S/D ; S/D ; S/D ; S/D ; S/D ; S/D ; S/D ; S/D ; S/D ; S/D ; S/D ; S/D ; -   
568;568-Proxi Olazabal 1898;Express;CAP. FED.; S/D ; S/D ; S/D ; S/D ; S/D ; S/D ; S/D ; S/D ; S/D ; S/D ; S/D ; S/D ; -   
569;569-Proxi Del Libertador 1140;Express;CAP. FED.; S/D ; S/D ; S/D ; S/D ; S/D ; S/D ; S/D ; S/D ; S/D ; S/D ; S/D ; S/D ; -   
570;570-Proxi Defensa 1400;Express;CAP. FED.; S/D ; S/D ; S/D ; S/D ; S/D ; S/D ; S/D ; S/D ; S/D ; S/D ; S/D ; S/D ; -   
571;571-Proxi Tacuari 89;Express;CAP. FED.; S/D ; S/D ; S/D ; S/D ; S/D ; S/D ; S/D ; S/D ; S/D ; S/D ; S/D ; S/D ; -   
572;572-Proxi Centenera 1282;Express;CAP. FED.; S/D ; S/D ; S/D ; S/D ; S/D ; S/D ; S/D ; S/D ; S/D ; S/D ; S/D ; S/D ; -   
573;573-Proxi Av. Cordoba 3721;Express;CAP. FED.; S/D ; S/D ; S/D ; S/D ; S/D ; S/D ; S/D ; S/D ; S/D ; S/D ; S/D ; S/D ; -   
574;574-Proxi García del Rio 3166;Express;CAP. FED.; S/D ; S/D ; S/D ; S/D ; S/D ; S/D ; S/D ; S/D ; S/D ; S/D ; S/D ; S/D ; -   
575;575-Proxi Av. Directorio 483;Express;CAP. FED.; S/D ; S/D ; S/D ; S/D ; S/D ; S/D ; S/D ; S/D ; S/D ; S/D ; S/D ; S/D ; -   
576;576-Proxi Nuñez 1563;Express;CAP. FED.; S/D ; S/D ; S/D ; S/D ; S/D ; S/D ; S/D ; S/D ; S/D ; S/D ; S/D ; S/D ; -   
577;577-Proxi Av. Córdoba 2038;Express;CAP. FED.; S/D ; S/D ; S/D ; S/D ; S/D ; S/D ; S/D ; S/D ; S/D ; S/D ; S/D ; S/D ; -   
578;578-Proxi Callao 6778;Express;CAP. FED.; S/D ; S/D ; S/D ; S/D ; S/D ; S/D ; S/D ; S/D ; S/D ; S/D ; S/D ; S/D ; -   
579;579-Proxi Av. Alte. Brown 795;Express;CAP. FED.; S/D ; S/D ; S/D ; S/D ; S/D ; S/D ; S/D ; S/D ; S/D ; S/D ; S/D ; S/D ; -   
580;580-Proxi Av. Corrientes 4147;Express;CAP. FED.; S/D ; S/D ; S/D ; S/D ; S/D ; S/D ; S/D ; S/D ; S/D ; S/D ; S/D ; S/D ; -   
581;581-Proxi Juan Maria Gutierrez 3756;Express;CAP. FED.; S/D ; S/D ; S/D ; S/D ; S/D ; S/D ; S/D ; S/D ; S/D ; S/D ; S/D ; S/D ; -   
582;582-Proxi Av. Congreso 4800;Express;CAP. FED.; S/D ; S/D ; S/D ; S/D ; S/D ; S/D ; S/D ; S/D ; S/D ; S/D ; S/D ; S/D ; -   
583;583-Proxi Av. De Mayo 1241;Express;CAP. FED.; S/D ; S/D ; S/D ; S/D ; S/D ; S/D ; S/D ; S/D ; S/D ; S/D ; S/D ; S/D ; -   
584;584-Proxi Urquiza 648;Express;CAP. FED.; S/D ; S/D ; S/D ; S/D ; S/D ; S/D ; S/D ; S/D ; S/D ; S/D ; S/D ; S/D ; -   
585;585-Proxi Lima 945;Express;CAP. FED.; S/D ; S/D ; S/D ; S/D ; S/D ; S/D ; S/D ; S/D ; S/D ; S/D ; S/D ; S/D ; -   
586;586-Proxi San Martín 5930;Express;CAP. FED.; S/D ; S/D ; S/D ; S/D ; S/D ; S/D ; S/D ; S/D ; S/D ; S/D ; S/D ; S/D ; -   
587;587-Proxi Rojas 16-18;Express;CAP. FED.; S/D ; S/D ; S/D ; S/D ; S/D ; S/D ; S/D ; S/D ; S/D ; S/D ; S/D ; S/D ; -   
588;588-Proxi San Martin 4685;Express;CAP. FED.; S/D ; S/D ; S/D ; S/D ; S/D ; S/D ; S/D ; S/D ; S/D ; S/D ; S/D ; S/D ; -   
589;589-Proxi Peru 487;Express;CAP. FED.; S/D ; S/D ; S/D ; S/D ; S/D ; S/D ; S/D ; S/D ; S/D ; S/D ; S/D ; S/D ; -   
590;590-Proxi Peña 2544;Express;CAP. FED.; S/D ; S/D ; S/D ; S/D ; S/D ; S/D ; S/D ; S/D ; S/D ; S/D ; S/D ; S/D ; -   
591;591-Proxi J.D. Peron 4177;Express;CAP. FED.; S/D ; S/D ; S/D ; S/D ; S/D ; S/D ; S/D ; S/D ; S/D ; S/D ; S/D ; S/D ; -   
592;592-Proxi Echeverria 1420;Express;CAP. FED.; S/D ; S/D ; S/D ; S/D ; S/D ; S/D ; S/D ; S/D ; S/D ; S/D ; S/D ; S/D ; -   
593;593-Proxi Entre Rios 1192;Express;CAP. FED.; S/D ; S/D ; S/D ; S/D ; S/D ; S/D ; S/D ; S/D ; S/D ; S/D ; S/D ; S/D ; -   
594;594-Proxi Inclan 2502;Express;CAP. FED.; S/D ; S/D ; S/D ; S/D ; S/D ; S/D ; S/D ; S/D ; S/D ; S/D ; S/D ; S/D ; -   
595;595-Proxi Cosquin 78-80;Express;CAP. FED.; S/D ; S/D ; S/D ; S/D ; S/D ; S/D ; S/D ; S/D ; S/D ; S/D ; S/D ; S/D ; -   
596;596-Proxi Lacroze 3660;Express;CAP. FED.; S/D ; S/D ; S/D ; S/D ; S/D ; S/D ; S/D ; S/D ; S/D ; S/D ; S/D ; S/D ; -   
597;597-Proxi Sanabria 2733;Express;CAP. FED.; S/D ; S/D ; S/D ; S/D ; S/D ; S/D ; S/D ; S/D ; S/D ; S/D ; S/D ; S/D ; -   
598;598-Proxi Sarmiento 1810;Express;CAP. FED.; S/D ; S/D ; S/D ; S/D ; S/D ; S/D ; S/D ; S/D ; S/D ; S/D ; S/D ; S/D ; -   
599;599-Proxi Blanco Encalada 4470;Express;CAP. FED.; S/D ; S/D ; S/D ; S/D ; S/D ; S/D ; S/D ; S/D ; S/D ; S/D ; S/D ; S/D ; -   
600;600-Proxi Directorio 3960;Express;CAP. FED.; S/D ; S/D ; S/D ; S/D ; S/D ; S/D ; S/D ; S/D ; S/D ; S/D ; S/D ; S/D ; -   
601;601-Super Yerba Buena;Market;TUCUMAN;4;4;4;4;4;4;4;4;4;4;4;4;48
602;602-Proxi Rivadavia 8688-90;Express;CAP. FED.; S/D ; S/D ; S/D ; S/D ; S/D ; S/D ; S/D ; S/D ; S/D ; S/D ; S/D ; S/D ; -   
604;604-Proxi Av. Estado de Israel 4684;Express;CAP. FED.; S/D ; S/D ; S/D ; S/D ; S/D ; S/D ; S/D ; S/D ; S/D ; S/D ; S/D ; S/D ; -   
605;605-Proxi J. B. Alberdi 7071;Express;CAP. FED.; S/D ; S/D ; S/D ; S/D ; S/D ; S/D ; S/D ; S/D ; S/D ; S/D ; S/D ; S/D ; -   
606;606-Proxi Obispo Trejo 1166 (CBA);Express;CORDOBA; S/D ; S/D ; S/D ; S/D ; S/D ; S/D ; S/D ; S/D ; S/D ; S/D ; S/D ; S/D ; -   
607;607-Proxi Chacabuco 727 (CBA);Express;CORDOBA; S/D ; S/D ; S/D ; S/D ; S/D ; S/D ; S/D ; S/D ; S/D ; S/D ; S/D ; S/D ; -   
608;608-Proxi Serrano 280;Express;CAP. FED.; S/D ; S/D ; S/D ; S/D ; S/D ; S/D ; S/D ; S/D ; S/D ; S/D ; S/D ; S/D ; -   
609;609-Proxi Libertador 4534;Express;CAP. FED.; S/D ; S/D ; S/D ; S/D ; S/D ; S/D ; S/D ; S/D ; S/D ; S/D ; S/D ; S/D ; -   
610;610-Proxi Pueyrredon 298 (CBA);Express;CORDOBA; S/D ; S/D ; S/D ; S/D ; S/D ; S/D ; S/D ; S/D ; S/D ; S/D ; S/D ; S/D ; -   
611;611-Proxi Baigorria 3241;Express;CAP. FED.; S/D ; S/D ; S/D ; S/D ; S/D ; S/D ; S/D ; S/D ; S/D ; S/D ; S/D ; S/D ; -   
613;613-Proxi Av. Congreso 2774;Express;CAP. FED.; S/D ; S/D ; S/D ; S/D ; S/D ; S/D ; S/D ; S/D ; S/D ; S/D ; S/D ; S/D ; -   
614;614-Proxi Murguiondo 4054;Express;CAP. FED.; S/D ; S/D ; S/D ; S/D ; S/D ; S/D ; S/D ; S/D ; S/D ; S/D ; S/D ; S/D ; -   
615;615-Proxi Av. Rivadavia 4702;Express;CAP. FED.; S/D ; S/D ; S/D ; S/D ; S/D ; S/D ; S/D ; S/D ; S/D ; S/D ; S/D ; S/D ; -   
616;616-Proxi Rio de Janeiro 71;Express;CAP. FED.; S/D ; S/D ; S/D ; S/D ; S/D ; S/D ; S/D ; S/D ; S/D ; S/D ; S/D ; S/D ; -   
617;617-Proxi Av. Monroe 3131;Express;CAP. FED.; S/D ; S/D ; S/D ; S/D ; S/D ; S/D ; S/D ; S/D ; S/D ; S/D ; S/D ; S/D ; -   
618;618-Proxi Bulnes 2751;Express;CAP. FED.; S/D ; S/D ; S/D ; S/D ; S/D ; S/D ; S/D ; S/D ; S/D ; S/D ; S/D ; S/D ; -   
619;619-Proxi Ramos Mejia 1019;Express;CAP. FED.; S/D ; S/D ; S/D ; S/D ; S/D ; S/D ; S/D ; S/D ; S/D ; S/D ; S/D ; S/D ; -   
620;620-Proxi Marcelo T de Alvear 1626;Express;CAP. FED.; S/D ; S/D ; S/D ; S/D ; S/D ; S/D ; S/D ; S/D ; S/D ; S/D ; S/D ; S/D ; -   
621;621-Proxi Avellaneda 1034;Express;CAP. FED.; S/D ; S/D ; S/D ; S/D ; S/D ; S/D ; S/D ; S/D ; S/D ; S/D ; S/D ; S/D ; -   
622;622-Proxi Boyaca 1082;Express;CAP. FED.; S/D ; S/D ; S/D ; S/D ; S/D ; S/D ; S/D ; S/D ; S/D ; S/D ; S/D ; S/D ; -   
623;623-Proxi Av. Rivadavia 2520;Express;CAP. FED.; S/D ; S/D ; S/D ; S/D ; S/D ; S/D ; S/D ; S/D ; S/D ; S/D ; S/D ; S/D ; -   
624;624-Proxi Av. Nazca 3214;Express;CAP. FED.; S/D ; S/D ; S/D ; S/D ; S/D ; S/D ; S/D ; S/D ; S/D ; S/D ; S/D ; S/D ; -   
625;625-Proxi Montiel 1061;Express;CAP. FED.; S/D ; S/D ; S/D ; S/D ; S/D ; S/D ; S/D ; S/D ; S/D ; S/D ; S/D ; S/D ; -   
626;626-Proxi Ramon L. Falcon 5547;Express;CAP. FED.; S/D ; S/D ; S/D ; S/D ; S/D ; S/D ; S/D ; S/D ; S/D ; S/D ; S/D ; S/D ; -   
627;627-Proxi Paseo Colon 1179;Express;CAP. FED.; S/D ; S/D ; S/D ; S/D ; S/D ; S/D ; S/D ; S/D ; S/D ; S/D ; S/D ; S/D ; -   
628;628-Proxi Rivadavia 4119;Express;CAP. FED.; S/D ; S/D ; S/D ; S/D ; S/D ; S/D ; S/D ; S/D ; S/D ; S/D ; S/D ; S/D ; -   
629;629-Proxi Juan B. Alberdi 4808;Express;CAP. FED.; S/D ; S/D ; S/D ; S/D ; S/D ; S/D ; S/D ; S/D ; S/D ; S/D ; S/D ; S/D ; -   
630;630-Proxi Araoz 2148;Express;CAP. FED.; S/D ; S/D ; S/D ; S/D ; S/D ; S/D ; S/D ; S/D ; S/D ; S/D ; S/D ; S/D ; -   
631;631-Proxi Lavalle 368;Express;CAP. FED.; S/D ; S/D ; S/D ; S/D ; S/D ; S/D ; S/D ; S/D ; S/D ; S/D ; S/D ; S/D ; -   
632;632-Proxi Amenabar 2702;Express;CAP. FED.; S/D ; S/D ; S/D ; S/D ; S/D ; S/D ; S/D ; S/D ; S/D ; S/D ; S/D ; S/D ; -   
633;633-Proxi Bolivar 270;Express;CAP. FED.; S/D ; S/D ; S/D ; S/D ; S/D ; S/D ; S/D ; S/D ; S/D ; S/D ; S/D ; S/D ; -   
634;634-Proxi Moreno 1401;Express;CAP. FED.; S/D ; S/D ; S/D ; S/D ; S/D ; S/D ; S/D ; S/D ; S/D ; S/D ; S/D ; S/D ; -   
635;635-Proxi Viamonte 1380;Express;CAP. FED.; S/D ; S/D ; S/D ; S/D ; S/D ; S/D ; S/D ; S/D ; S/D ; S/D ; S/D ; S/D ; -   
636;636-Proxi Ayacucho 1401;Express;CAP. FED.; S/D ; S/D ; S/D ; S/D ; S/D ; S/D ; S/D ; S/D ; S/D ; S/D ; S/D ; S/D ; -   
637;637-Proxi Av. San Martin 2218;Express;GRAN BS. AS.; S/D ; S/D ; S/D ; S/D ; S/D ; S/D ; S/D ; S/D ; S/D ; S/D ; S/D ; S/D ; -   
638;638-Proxi Av. de Mayo 432 (Derqui);Express;GRAN BS. AS.; S/D ; S/D ; S/D ; S/D ; S/D ; S/D ; S/D ; S/D ; S/D ; S/D ; S/D ; S/D ; -   
639;639-Proxi Pedro Goyena 188;Express;CAP. FED.; S/D ; S/D ; S/D ; S/D ; S/D ; S/D ; S/D ; S/D ; S/D ; S/D ; S/D ; S/D ; -   
640;640-Proxi Boulogne Sur Mer 431;Express;CAP. FED.; S/D ; S/D ; S/D ; S/D ; S/D ; S/D ; S/D ; S/D ; S/D ; S/D ; S/D ; S/D ; -   
641;641- Proxi Alvear 126 (CBA);Express;CORDOBA; S/D ; S/D ; S/D ; S/D ; S/D ; S/D ; S/D ; S/D ; S/D ; S/D ; S/D ; S/D ; -   
642;642-Proxi General Paz 240 (CBA);Express;CORDOBA; S/D ; S/D ; S/D ; S/D ; S/D ; S/D ; S/D ; S/D ; S/D ; S/D ; S/D ; S/D ; -   
643;643-Proxi Segurola 1441;Express;CAP. FED.; S/D ; S/D ; S/D ; S/D ; S/D ; S/D ; S/D ; S/D ; S/D ; S/D ; S/D ; S/D ; -   
644;644- Proxi 25 de mayo 979 (CBA);Express;CORDOBA; S/D ; S/D ; S/D ; S/D ; S/D ; S/D ; S/D ; S/D ; S/D ; S/D ; S/D ; S/D ; -   
645;645- Proxi Drago 287;Express;CAP. FED.; S/D ; S/D ; S/D ; S/D ; S/D ; S/D ; S/D ; S/D ; S/D ; S/D ; S/D ; S/D ; -   
646;646- Proxi Baunes 2692;Express;CAP. FED.; S/D ; S/D ; S/D ; S/D ; S/D ; S/D ; S/D ; S/D ; S/D ; S/D ; S/D ; S/D ; -   
647;647- Proxi Chacabuco 350 (CBA);Express;CORDOBA; S/D ; S/D ; S/D ; S/D ; S/D ; S/D ; S/D ; S/D ; S/D ; S/D ; S/D ; S/D ; -   
648;648- Proxi Belgrano 54 (CBA);Express;CORDOBA; S/D ; S/D ; S/D ; S/D ; S/D ; S/D ; S/D ; S/D ; S/D ; S/D ; S/D ; S/D ; -   
649;649- Proxi Emilio Castro 6815;Express;CAP. FED.; S/D ; S/D ; S/D ; S/D ; S/D ; S/D ; S/D ; S/D ; S/D ; S/D ; S/D ; S/D ; -   
650;650- Proxi San Martin 26 (CBA);Express;CORDOBA; S/D ; S/D ; S/D ; S/D ; S/D ; S/D ; S/D ; S/D ; S/D ; S/D ; S/D ; S/D ; -   
651;651-Proxi Apolinario Figueroa 39;Express;CAP. FED.; S/D ; S/D ; S/D ; S/D ; S/D ; S/D ; S/D ; S/D ; S/D ; S/D ; S/D ; S/D ; -   
652;652-Proxi Las Heras 2986;Express;CAP. FED.; S/D ; S/D ; S/D ; S/D ; S/D ; S/D ; S/D ; S/D ; S/D ; S/D ; S/D ; S/D ; -   
653;653-Proxi Belardinelli 3150 (CBA);Express;CORDOBA; S/D ; S/D ; S/D ; S/D ; S/D ; S/D ; S/D ; S/D ; S/D ; S/D ; S/D ; S/D ; -   
654;654-Proxi Hipolito Yrigoyen 1790;Express;CAP. FED.; S/D ; S/D ; S/D ; S/D ; S/D ; S/D ; S/D ; S/D ; S/D ; S/D ; S/D ; S/D ; -   
655;655-Proxi Sarmiento 774;Express;CAP. FED.; S/D ; S/D ; S/D ; S/D ; S/D ; S/D ; S/D ; S/D ; S/D ; S/D ; S/D ; S/D ; -   
656;656-Proxi Viamonte 170;Express;CAP. FED.; S/D ; S/D ; S/D ; S/D ; S/D ; S/D ; S/D ; S/D ; S/D ; S/D ; S/D ; S/D ; -   
657;657-Proxi Montiel 1718;Express;CAP. FED.; S/D ; S/D ; S/D ; S/D ; S/D ; S/D ; S/D ; S/D ; S/D ; S/D ; S/D ; S/D ; -   
658;658-Proxi Larrazabal 265;Express;CAP. FED.; S/D ; S/D ; S/D ; S/D ; S/D ; S/D ; S/D ; S/D ; S/D ; S/D ; S/D ; S/D ; -   
659;659-Proxi Conesa 999;Express;CAP. FED.; S/D ; S/D ; S/D ; S/D ; S/D ; S/D ; S/D ; S/D ; S/D ; S/D ; S/D ; S/D ; -   
660;660-Proxi Juan F Segui 4524;Express;CAP. FED.; S/D ; S/D ; S/D ; S/D ; S/D ; S/D ; S/D ; S/D ; S/D ; S/D ; S/D ; S/D ; -   
661;661-Proxi Araoz 1140;Express;CAP. FED.; S/D ; S/D ; S/D ; S/D ; S/D ; S/D ; S/D ; S/D ; S/D ; S/D ; S/D ; S/D ; -   
662;662-Proxi Belgrano 3047;Express;CAP. FED.; S/D ; S/D ; S/D ; S/D ; S/D ; S/D ; S/D ; S/D ; S/D ; S/D ; S/D ; S/D ; -   
663;663-Proxi Alsina 725;Express;CAP. FED.; S/D ; S/D ; S/D ; S/D ; S/D ; S/D ; S/D ; S/D ; S/D ; S/D ; S/D ; S/D ; -   
664;664-Proxi Nogoyá 3664;Express;CAP. FED.; S/D ; S/D ; S/D ; S/D ; S/D ; S/D ; S/D ; S/D ; S/D ; S/D ; S/D ; S/D ; -   
665;665-Proxi Gaona 2964;Express;CAP. FED.; S/D ; S/D ; S/D ; S/D ; S/D ; S/D ; S/D ; S/D ; S/D ; S/D ; S/D ; S/D ; -   
666;666-Proxi Humahuaca 4310;Express;CAP. FED.; S/D ; S/D ; S/D ; S/D ; S/D ; S/D ; S/D ; S/D ; S/D ; S/D ; S/D ; S/D ; -   
667;667-Proxi Av. Directorio 4980;Express;CAP. FED.; S/D ; S/D ; S/D ; S/D ; S/D ; S/D ; S/D ; S/D ; S/D ; S/D ; S/D ; S/D ; -   
668;668-Proxi Juana Manso 199;Express;CAP. FED.; S/D ; S/D ; S/D ; S/D ; S/D ; S/D ; S/D ; S/D ; S/D ; S/D ; S/D ; S/D ; -   
669;669-Proxi Yapeyu 2059 (San Martin);Express;GRAN BS. AS.; S/D ; S/D ; S/D ; S/D ; S/D ; S/D ; S/D ; S/D ; S/D ; S/D ; S/D ; S/D ; -   
670;670-Proxi Hidalgo 92;Express;CAP. FED.; S/D ; S/D ; S/D ; S/D ; S/D ; S/D ; S/D ; S/D ; S/D ; S/D ; S/D ; S/D ; -   
671;671-Proxi Sucre 2774;Express;CAP. FED.; S/D ; S/D ; S/D ; S/D ; S/D ; S/D ; S/D ; S/D ; S/D ; S/D ; S/D ; S/D ; -   
672;672-Proxi Av. Chilavert 6901;Express;CAP. FED.; S/D ; S/D ; S/D ; S/D ; S/D ; S/D ; S/D ; S/D ; S/D ; S/D ; S/D ; S/D ; -   
673;673-Proxi Carrasco 421;Express;CAP. FED.; S/D ; S/D ; S/D ; S/D ; S/D ; S/D ; S/D ; S/D ; S/D ; S/D ; S/D ; S/D ; -   
674;674-Proxi Virrey del Pino 2527;Express;CAP. FED.; S/D ; S/D ; S/D ; S/D ; S/D ; S/D ; S/D ; S/D ; S/D ; S/D ; S/D ; S/D ; -   
675;675-Proxi Cabildo 4861;Express;CAP. FED.; S/D ; S/D ; S/D ; S/D ; S/D ; S/D ; S/D ; S/D ; S/D ; S/D ; S/D ; S/D ; -   
676;676-Proxi Chile 701;Express;CAP. FED.; S/D ; S/D ; S/D ; S/D ; S/D ; S/D ; S/D ; S/D ; S/D ; S/D ; S/D ; S/D ; -   
677;677-Proxi Alvarez Jonte 3079;Express;CAP. FED.; S/D ; S/D ; S/D ; S/D ; S/D ; S/D ; S/D ; S/D ; S/D ; S/D ; S/D ; S/D ; -   
678;678-Proxi Arregui 6399;Express;CAP. FED.; S/D ; S/D ; S/D ; S/D ; S/D ; S/D ; S/D ; S/D ; S/D ; S/D ; S/D ; S/D ; -   
679;679-Proxi Scalabrini Ortiz 1396;Express;CAP. FED.; S/D ; S/D ; S/D ; S/D ; S/D ; S/D ; S/D ; S/D ; S/D ; S/D ; S/D ; S/D ; -   
680;680-Proxi Carhue 1427;Express;CAP. FED.; S/D ; S/D ; S/D ; S/D ; S/D ; S/D ; S/D ; S/D ; S/D ; S/D ; S/D ; S/D ; -   
682;682-Proxi Viamonte 702;Express;CAP. FED.; S/D ; S/D ; S/D ; S/D ; S/D ; S/D ; S/D ; S/D ; S/D ; S/D ; S/D ; S/D ; -   
683;683-Proxi Cramer 2463;Express;CAP. FED.; S/D ; S/D ; S/D ; S/D ; S/D ; S/D ; S/D ; S/D ; S/D ; S/D ; S/D ; S/D ; -   
684;684-Proxi Mexico 1530;Express;CAP. FED.; S/D ; S/D ; S/D ; S/D ; S/D ; S/D ; S/D ; S/D ; S/D ; S/D ; S/D ; S/D ; -   
685;685-Proxi Pareja 4890;Express;CAP. FED.; S/D ; S/D ; S/D ; S/D ; S/D ; S/D ; S/D ; S/D ; S/D ; S/D ; S/D ; S/D ; -   
686;686-Proxi J. Agustín García 3202;Express;CAP. FED.; S/D ; S/D ; S/D ; S/D ; S/D ; S/D ; S/D ; S/D ; S/D ; S/D ; S/D ; S/D ; -   
687;687-Proxi AV.Alvarez Jonte 1938;Express;CAP. FED.; S/D ; S/D ; S/D ; S/D ; S/D ; S/D ; S/D ; S/D ; S/D ; S/D ; S/D ; S/D ; -   
688;688-Proxi Av Lope de Vega 19;Express;CAP. FED.; S/D ; S/D ; S/D ; S/D ; S/D ; S/D ; S/D ; S/D ; S/D ; S/D ; S/D ; S/D ; -   
689;689-Proxi Av.Independencia 2716;Express;CAP. FED.; S/D ; S/D ; S/D ; S/D ; S/D ; S/D ; S/D ; S/D ; S/D ; S/D ; S/D ; S/D ; -   
691;691-Proxi Av. La Plata 716;Express;CAP. FED.; S/D ; S/D ; S/D ; S/D ; S/D ; S/D ; S/D ; S/D ; S/D ; S/D ; S/D ; S/D ; -   
693;693-Proxi Pedro Goyena 1680;Express;CAP. FED.; S/D ; S/D ; S/D ; S/D ; S/D ; S/D ; S/D ; S/D ; S/D ; S/D ; S/D ; S/D ; -   
694;694-Proxi  Tucuman 1541;Express;CAP. FED.; S/D ; S/D ; S/D ; S/D ; S/D ; S/D ; S/D ; S/D ; S/D ; S/D ; S/D ; S/D ; -   
695;695-Proxi Av.Almirante Brown 261;Express;CAP. FED.; S/D ; S/D ; S/D ; S/D ; S/D ; S/D ; S/D ; S/D ; S/D ; S/D ; S/D ; S/D ; -   
697;697-Proxi Caboto 420;Express;CAP. FED.; S/D ; S/D ; S/D ; S/D ; S/D ; S/D ; S/D ; S/D ; S/D ; S/D ; S/D ; S/D ; -   
698;698-Proxi Belaustegui 2748;Express;CAP. FED.; S/D ; S/D ; S/D ; S/D ; S/D ; S/D ; S/D ; S/D ; S/D ; S/D ; S/D ; S/D ; -   
699;699 - Proxi Dorrego 2145;Express;CAP. FED.; S/D ; S/D ; S/D ; S/D ; S/D ; S/D ; S/D ; S/D ; S/D ; S/D ; S/D ; S/D ; -   
701;701-Ruta III;Maxi;GRAN BS. AS.;11;11;11;11;11;11;11;11;11;11;11;11;132
702;702-Claypole;Maxi;GRAN BS. AS.;11;11;11;11;11;11;11;11;11;11;11;11;132
703;703-Maxi Moreno;Maxi;GRAN BS. AS.;11;11;11;11;11;11;11;11;11;11;11;11;132
704;704-Maxi Ezpeleta;Maxi;GRAN BS. AS.;11;11;11;11;11;11;11;11;11;11;11;11;132
705;705-Maxi Jose C. Paz;Maxi;GRAN BS. AS.;11;11;11;11;11;11;11;11;11;11;11;11;132
706;706-Maxi Lomas;Maxi;GRAN BS. AS.;11;11;11;11;11;11;11;11;11;11;11;11;132
707;707-Maxi Córdoba J.B.Justo;Maxi;CORDOBA;11;11;11;11;11;11;11;11;11;11;11;11;132
710;710-Proxi Nahuel Huapi 5038;Express;CAP. FED.; S/D ; S/D ; S/D ; S/D ; S/D ; S/D ; S/D ; S/D ; S/D ; S/D ; S/D ; S/D ; -   
711;711-Proxi Av Alvarez Thomas 372;Express;CAP. FED.; S/D ; S/D ; S/D ; S/D ; S/D ; S/D ; S/D ; S/D ; S/D ; S/D ; S/D ; S/D ; -   
712;712-Proxi Gallo 872;Express;CAP. FED.; S/D ; S/D ; S/D ; S/D ; S/D ; S/D ; S/D ; S/D ; S/D ; S/D ; S/D ; S/D ; -   
713;713 - Proxi Bermudez 2446;Express;CAP. FED.; S/D ; S/D ; S/D ; S/D ; S/D ; S/D ; S/D ; S/D ; S/D ; S/D ; S/D ; S/D ; -   
714;714-Proxi Sucre 4230;Express;CAP. FED.; S/D ; S/D ; S/D ; S/D ; S/D ; S/D ; S/D ; S/D ; S/D ; S/D ; S/D ; S/D ; -   
715;715-Proxi Av. Córdoba 4967;Express;CAP. FED.; S/D ; S/D ; S/D ; S/D ; S/D ; S/D ; S/D ; S/D ; S/D ; S/D ; S/D ; S/D ; -   
716;716-Proxi Castañeda 1812;Express;CAP. FED.; S/D ; S/D ; S/D ; S/D ; S/D ; S/D ; S/D ; S/D ; S/D ; S/D ; S/D ; S/D ; -   
718;718 - Proxi Sanabria 3039;Express;CAP. FED.; S/D ; S/D ; S/D ; S/D ; S/D ; S/D ; S/D ; S/D ; S/D ; S/D ; S/D ; S/D ; -   
719;719 - Proxi Yerbal 2701;Express;CAP. FED.; S/D ; S/D ; S/D ; S/D ; S/D ; S/D ; S/D ; S/D ; S/D ; S/D ; S/D ; S/D ; -   
720;720 - Proxi independencia 585 (CBA);Express;CORDOBA; S/D ; S/D ; S/D ; S/D ; S/D ; S/D ; S/D ; S/D ; S/D ; S/D ; S/D ; S/D ; -   
721;721- Proxi Tres de Febrero 1857;Express;CAP. FED.; S/D ; S/D ; S/D ; S/D ; S/D ; S/D ; S/D ; S/D ; S/D ; S/D ; S/D ; S/D ; -   
722;722-Proxi Emilio Castro 6178;Express;CAP. FED.; S/D ; S/D ; S/D ; S/D ; S/D ; S/D ; S/D ; S/D ; S/D ; S/D ; S/D ; S/D ; -   
723;723-Proxi Alem 198;Express;CAP. FED.; S/D ; S/D ; S/D ; S/D ; S/D ; S/D ; S/D ; S/D ; S/D ; S/D ; S/D ; S/D ; -   
724;724-Proxi Ayacucho 539;Express;CAP. FED.; S/D ; S/D ; S/D ; S/D ; S/D ; S/D ; S/D ; S/D ; S/D ; S/D ; S/D ; S/D ; -   
725;725-Proxi Av. Directorio 2320;Express;CAP. FED.; S/D ; S/D ; S/D ; S/D ; S/D ; S/D ; S/D ; S/D ; S/D ; S/D ; S/D ; S/D ; -   
726;726-Proxi Lisandro de la Torre 199;Express;CAP. FED.; S/D ; S/D ; S/D ; S/D ; S/D ; S/D ; S/D ; S/D ; S/D ; S/D ; S/D ; S/D ; -   
727;727-Proxi Montiel 168;Express;CAP. FED.; S/D ; S/D ; S/D ; S/D ; S/D ; S/D ; S/D ; S/D ; S/D ; S/D ; S/D ; S/D ; -   
728;728 - Proxi Artigas 5190;Express;CAP. FED.; S/D ; S/D ; S/D ; S/D ; S/D ; S/D ; S/D ; S/D ; S/D ; S/D ; S/D ; S/D ; -   
729;729 - Av. Belgrano 2160;Express;CAP. FED.; S/D ; S/D ; S/D ; S/D ; S/D ; S/D ; S/D ; S/D ; S/D ; S/D ; S/D ; S/D ; -   
730;730-Proxi Esmeralda 151;Express;CAP. FED.; S/D ; S/D ; S/D ; S/D ; S/D ; S/D ; S/D ; S/D ; S/D ; S/D ; S/D ; S/D ; -   
731;731-Proxi Sarmiento 4551;Express;CAP. FED.; S/D ; S/D ; S/D ; S/D ; S/D ; S/D ; S/D ; S/D ; S/D ; S/D ; S/D ; S/D ; -   
732;732-Proxi Ambrosetti 758;Express;CAP. FED.; S/D ; S/D ; S/D ; S/D ; S/D ; S/D ; S/D ; S/D ; S/D ; S/D ; S/D ; S/D ; -   
733;733-Proxi Lisandro de la Torre 790;Express;CAP. FED.; S/D ; S/D ; S/D ; S/D ; S/D ; S/D ; S/D ; S/D ; S/D ; S/D ; S/D ; S/D ; -   
734;734-Proxi Urquiza 1015;Express;CAP. FED.; S/D ; S/D ; S/D ; S/D ; S/D ; S/D ; S/D ; S/D ; S/D ; S/D ; S/D ; S/D ; -   
735;735- Proxi Av. Pueyrredon 2120;Express;CAP. FED.; S/D ; S/D ; S/D ; S/D ; S/D ; S/D ; S/D ; S/D ; S/D ; S/D ; S/D ; S/D ; -   
736;736 - Proxi Chile 154 (CBA);Express;CORDOBA; S/D ; S/D ; S/D ; S/D ; S/D ; S/D ; S/D ; S/D ; S/D ; S/D ; S/D ; S/D ; -   
737;737 - Proxi A.M.Cervantes 2500;Express;CAP. FED.; S/D ; S/D ; S/D ; S/D ; S/D ; S/D ; S/D ; S/D ; S/D ; S/D ; S/D ; S/D ; -   
738;738- Proxi Cullen 4832;Express;CAP. FED.; S/D ; S/D ; S/D ; S/D ; S/D ; S/D ; S/D ; S/D ; S/D ; S/D ; S/D ; S/D ; -   
739;739- Proxi Roosevelt 3002;Express;CAP. FED.; S/D ; S/D ; S/D ; S/D ; S/D ; S/D ; S/D ; S/D ; S/D ; S/D ; S/D ; S/D ; -   
740;740- Proxi Av. Varela 888;Express;CAP. FED.; S/D ; S/D ; S/D ; S/D ; S/D ; S/D ; S/D ; S/D ; S/D ; S/D ; S/D ; S/D ; -   
741;741- Proxi Av. Triunvirato 4210;Express;CAP. FED.; S/D ; S/D ; S/D ; S/D ; S/D ; S/D ; S/D ; S/D ; S/D ; S/D ; S/D ; S/D ; -   
742;742- Proxi J. Bautista Alberdi 5494;Express;CAP. FED.; S/D ; S/D ; S/D ; S/D ; S/D ; S/D ; S/D ; S/D ; S/D ; S/D ; S/D ; S/D ; -   
744;744- Proxi Independencia 907;Express;CAP. FED.; S/D ; S/D ; S/D ; S/D ; S/D ; S/D ; S/D ; S/D ; S/D ; S/D ; S/D ; S/D ; -   
745;745- Proxi Serrano 1458;Express;CAP. FED.; S/D ; S/D ; S/D ; S/D ; S/D ; S/D ; S/D ; S/D ; S/D ; S/D ; S/D ; S/D ; -   
746;746 - Proxi Arévalo 2915;Express;CAP. FED.; S/D ; S/D ; S/D ; S/D ; S/D ; S/D ; S/D ; S/D ; S/D ; S/D ; S/D ; S/D ; -   
747;747 - Proxi Cabrera 4106;Express;CAP. FED.; S/D ; S/D ; S/D ; S/D ; S/D ; S/D ; S/D ; S/D ; S/D ; S/D ; S/D ; S/D ; -   
748;748 - Proxi Malabia 468;Express;CAP. FED.; S/D ; S/D ; S/D ; S/D ; S/D ; S/D ; S/D ; S/D ; S/D ; S/D ; S/D ; S/D ; -   
749;749 - Proxi Ecuador 673;Express;CAP. FED.; S/D ; S/D ; S/D ; S/D ; S/D ; S/D ; S/D ; S/D ; S/D ; S/D ; S/D ; S/D ; -   
