Code_Magasin|Magasin|DATE|Rayon|Code Rayon|Famille|Code_Famille|Sous Famille|Code Sous Famille|Code EAN|Libellé Article|CodeDémarque|Libellé Démarque|Poids en kg|Descr Poids en kg|Montant Démarque|Qte Démarque

10005|005 - Velez Sarsfield|201602|SECO|01   1   4|FIBRAS|01   1   4  04  00|FIBRAS|01   1   4  04  00  00|7797330104401|(S)CEREALES BIO CON FITOESTEROLES GRANDIET X 390G|Vencimiento|VTO|390.00|GRM|-420.00|-10.00
10005|005 - Velez Sarsfield|201603|SECO|01   1   4|VEGETALES|01   1   4  18  00|LENTEJAS|01   1   4  18  00  05|7792350004571|LENTEJAS SECAS REMOJADAS INALPA LATA X 350 GR|Roturas|ROT|350.00|GRM|-6.32|-1.00
10007|007 - Quilmes|201601|SECO|01   1   4|CRACKERS|01   1   4  01  00|GALLETITAS ARROZ|01   1   4  01  00  04|7790503198627|GALLETAS DE ARROZ DOS HERMANOS SALADA BOLSA X 100|Roturas|ROT|100.00|GRM|-10.51|-1.00
10007|007 - Quilmes|201601|SECO|01   1   4|DULCES|01   1   4  01  01|GALLETITAS VAINILLAS|01   1   4  01  01  04|7798033338032|VAINILLAS CARREFOUR FLOW PACK X 160 GRS|Roturas|ROT|160.00|GRM|-16.56|-3.00
10007|007 - Quilmes|201604|SECO|01   1   4|CAFE INSTANTANEO|01   1   4  02  01|SABORIZADOS CAFE|01   1   4  02  01  02|7790150160862|CAPPUCCINO LIGHT LA VIRGINIA CAJA X 90 GRS|Roturas|ROT|90.00|GRM|-24.82|-1.00
10009|009 - Cba. Colon|201602|FRUTAS Y VERDURAS|01   2   2|EMBANDEJADO|01   2   2  05  00|PROVENZAL|01   2   2  05  00  03|7798180210212|PROVENZAL|Vencimiento|VTO|1.00|UNI|-33.00|-3.00
10012|012 - San Justo|201601|SECO|01   1   4|LEGUMBRES SECAS|01   1   4  12  02|LENTEJAS|01   1   4  12  02  00|7798159716721|LENTEJAS CARREFOUR BOLSA X 400 GRS|Roturas|ROT|400.00|GRM|-11.60|-1.00
10012|012 - San Justo|201601|P.A.S.|01   1   5|PASTAS NO RELLENAS|01   1   5  06  01|PASTAS FIDEOS|01   1   5  06  01  00|7798141710249|FIDEOS TALLARINES CON ESPINACA CARREFOUR X 500 GRS|Vencimiento|VTO|500.00|GRM|-36.24|-3.00
10016|016 - Monte Grande|201604|SECO|01   1   4|CAFE INSTANTANEO|01   1   4  02  01|SABORIZADOS CAFE|01   1   4  02  01  02|7790150160756|CAPPUCCINO INSTANTANEO TRAD LA VIRGINIA X 210 GRS|Roturas|ROT|210.00|GRM|-40.60|-1.00
10017|017 - Mendoza|201604|SECO|01   1   4|CHOCOLATE GOLOSINAS|01   1   4  07  02|TABLETAS SIMPLES|01   1   4  07  02  00|7790380006367|TABLETA DE CHOCOLATE BLANCO TOKKE X 130 GRS|Vencimiento|VTO|130.00|GRM|-22.12|-1.00
10018|018 - Rosario|201606|SECO|01   1   4|REPOSTERIA SECA|01   1   4  08  03|GOTITAS / CONFITES DE DECORACION|01   1   4  08  03  17|7790407031532|GOTITAS DE CHOCOLATE SEMIAMARGO AGUILA X 150 GRS|Roturas|ROT|150.00|GRM|-21.42|-1.00
10021|021 - Moreno|201601|CARNICERIA|01   2   4|NOVILLITO|01   2   4  02  04|CICLO III (MILANESA)|01   2   4  02  04  09|2302019000001|MILANESA DE CUADRADA NOVILLITO|Vencimiento|VTO|1000.00|GRM|-302.01|-3.35
10021|021 - Moreno|201605|SECO|01   1   4|CRACKERS|01   1   4  01  00|TRADICIONALES CRACKERS|01   1   4  01  00  00|7798159717858|GALLETITAS MINI SANDWICH CARREFOUR X 300 GRS|Roturas|ROT|300.00|GRM|-9.16|-1.00
10022|022 - Mar del Plata|201601|FIAMBRERIA|01   2   0|QUESO PASTA SEMIDURA|01   2   0  00  01|QUESO PATEGRAS|01   2   0  00  01  03|2302638000000|QUESO PATEGRAS +CALCIO SANCOR X KG|Merma por Fabricación|MFA|1000.00|GRM|-10.86|-0.10
10024|024 - Cba. Jardin|201603|CARNICERIA|01   2   4|NOVILLO|01   2   4  02  01|CUARTO MOCHO|01   2   4  02  01  01|2302738000009|CARNAZA COMUN NOVILLO X KG|Reclasificacion de Stocks|RDS|1000.00|GRM|-2503.08|-73.62
10025|025 - San Fernando|201603|PANADERIA|01   2   3|PAN|01   2   3  00  00|OTRAS ESPECIALIDADES|01   2   3  00  00  08|2926858500005|PAN CARREFOUR BRIE X UNIDAD 400 GRS.|Vencimiento|VTO|400.00|GRM|-653.40|-242.00
10028|028 - Pilar|201604|CARNICERIA|01   2   4|MARCA PROPIA|01   2   4  06  01|TROZADO|01   2   4  06  01  01|2308137000008|MIX DE PRESITAS MARCA PROPIA X KG|Vencimiento|VTO|1000.00|GRM|-453.18|-11.47
10028|028 - Pilar|201605|SECO|01   1   4|SNACKS VARIOS|01   1   4  00  05|SNACKS VARIOS|01   1   4  00  05  00|7790310005804|CONOS SABOR QUESO MEGA 3D X 122 GRS|Roturas|ROT|122.00|GRM|-21.72|-1.00
10030|030 - Mataderos|201604|CARNICERIA|01   2   4|TERNERA|01   2   4  02  02|CICLO III (MILANESA)|01   2   4  02  02  09|2302031000003|CUADRADA PREMIUM X KG|Reclasificacion de Stocks|RDS|1000.00|GRM|-1274.25|-12.27
10030|030 - Mataderos|201604|P.A.S.|01   1   5|QUESOS RALLADOS|01   1   5  00  06|QUESO EN HEBRAS|01   1   5  00  06  00|7794990879755|QUESO HEBRAS ITALIANO LIGHT LA PAULINA X 135 GRS|Vencimiento|VTO|135.00|GRM|-211.98|-14.00
10030|030 - Mataderos|201606|PANADERIA|01   2   3|REPOSTERIA SECA|01   2   3  01  00|GALLETITAS DULCES|01   2   3  01  00  04|7791696008489|HOJALDRITOS X 200 GRS|Vencimiento|VTO|200.00|GRM|-161.90|-10.00
10032|032 - Rosario Centro|201604|PANADERIA|01   2   3|REPOSTERIA FRESCA|01   2   3  01  01|PASTAFROLAS|01   2   3  01  01  05|7791696008458|PASTAFROLA BATATA X 500 GRS|Vencimiento|VTO|500.00|GRM|-32.68|-1.00
10043|043 - Haedo|201602|PANADERIA|01   2   3|BOLLERIA|01   2   3  00  01|FIGAZA|01   2   3  00  01  07|2920008300002|FIGAZITAS CON MANTECA X 6 UNIDADES 180 GRS|Vencimiento|VTO|180.00|GRM|-208.50|-25.00
10044|044 - Resistencia II|201604|PLATOS PREPARADOS|01   2   6|SANDWICH|01   2   6  02  03|MIGA|01   2   6  02  03  01|7798055590791|SANDWICH TRIPLE DE MIGA BLANCO X 6 UNID|Vencimiento|VTO|300.00|GRM|-2384.76|-85.00
10045|045 - Trelew (III)|201601|P.A.S.|01   1   5|POSTRES LACTEOS|01   1   5  01  03|POSTRES|01   1   5  01  03  00|7791337643017|ALIMENTO CONC BEB VAINILLA DANONINO X 185 GRS|Roturas|ROT|185.00|GRM|-42.93|-3.00
10048|048 - Rio Gallegos (II)|201602|PANADERIA|01   2   3|REPOSTERIA SECA|01   2   3  01  00|ALFAJOR|01   2   3  01  00  02|7791696008106|ALFAJOR DE FRUTA X 6 U|Vencimiento|VTO|6.00|UNI|-267.12|-9.00
10048|048 - Rio Gallegos (II)|201603|SECO|01   1   4|VEGETALES|01   1   4  18  00|PALMITOS|01   1   4  18  00  01|7798033333846|PALMITOS ENTEROS LATA CARREFOUR LATA X 400 GRS|Roturas|ROT|400.00|GRM|-146.80|-8.00
10050|050 - R. MARTINOLI|201602|FRUTAS Y VERDURAS|01   2   2|PESADA|01   2   2  01  01|BATATA|01   2   2  01  01  02|2320088000005|BATATA FRACC X KG.|Vencimiento|VTO|1000.00|GRM|-109.50|-7.30
10026|026 - Warnes|201601|SECO|01   1   4|LECHE INFANTIL|01   1   4  21  00|LECHE ETAPA 3 LIQUIDO|01   1   4  21  00  03|7795323002789|LECHE FLUIDA INFANTIL ETAPA 3 VITAL BRIK X 1 LT|Roturas|ROT|1000.00|CM3|-79.03|-3.00
10026|026 - Warnes|201601|P.A.S.|01   1   5|MANTECAS|01   1   5  01  06|MANTECAS|01   1   5  01  06  00|7798152226326|MANTECA CALIDAD EXTRA CARREFOUR X 200 GRS|Roturas|ROT|200.00|GRM|-10.61|-1.00
10005|005 - Velez Sarsfield|201603|SECO|01   1   4|GELATINAS|01   1   4  08  00|GELATINAS DIET|01   1   4  08  00  01|7622300865627|GELATINA ANANA LIGHT MANJARES ROYAL X 25 GRM|Roturas|ROT|25.00|GRS|-14.04|-2.00
10054|054 - Villa Allende|201603|BEBIDAS|01   1   0|AGUAS GASIFICADAS|01   1   0  02  01|BOTELLA FAMILIAR GASIFICADAS|01   1   0  02  01  01|7791913000814|AGUA MINERAL CON GAS SALDAN PET X 2.25 LT|Roturas|ROT|2250.00|CM3|-26.70|-3.00
10028|028 - Pilar|201602|SECO|01   1   4|LARGOS|01   1   4  11  02|SPAGUETTI|01   1   4  11  02  00|7792550700556|FIDEOS SPAGHETTI NUTREGAL BOLSA X 500 GRS|Roturas|ROT|500.00|GRM|-14.32|-2.00
10054|054 - Villa Allende|201604|BEBIDAS|01   1   0|ACEITE OLIVA|01   1   0  03  02|ACEITE OLIVA BOTELLA|01   1   0  03  02  01|8001876020033|ACEITE OLIVA EXTRA VIRGEN COLAVITA BOTELLA X 250CC|Vencimiento|VTO|250.00|CM3|-165.04|-3.00
10017|017 - Mendoza|201605|BEBIDAS|01   1   0|JUGOS EN POLVO|01   1   0  01  02|DIET EN POLVO|01   1   0  01  02  04|7790580984410|JUGO EN POLVO NAR DCE BC LA CAMPAGNOLA X9.5G|Vencimiento|VTO|9.50|GRM|-1.97|-1.00
10055|055 - Formosa II La Rural|201605|PANADERIA|01   2   3|REPOSTERIA SECA|01   2   3  01  00|GALLETITAS DULCES|01   2   3  01  00  04|7791696008533|PEPAS CON BATATA X 250GRS|Vencimiento|VTO|250.00|GRM|-144.32|-8.00
10044|044 - Resistencia II|201605|PANADERIA|01   2   3|REPOSTERIA SECA|01   2   3  01  00|GALLETITAS DULCES|01   2   3  01  00  04|7793225001619|GALLETITAS TIPO AMARETTIS X 130 G|Vencimiento|VTO|130.00|GRS|-12.42|-1.00
10056|056 - Glew|201605|BEBIDAS|01   1   0|CERVEZAS LATA|01   1   0  05  02|BLANCA LATA|01   1   0  05  02  00|7793147009199|CERVEZA BLANCA HEINEKEN LATA X 473 CC|Roturas|ROT|473.00|CM3|-42.22|-3.00
10010|010 - Villa Tesei|201606|P.A.S.|01   1   5|HUEVOS|01   1   5  02  01|BLANCO|01   1   5  02  01  00|7798108344487|HUEVO BLANCO CARREFOUR CARTON X 6 UNI|Roturas|ROT|6.00|UNI|-20.04|-2.00
10101|101 - Avellaneda|201605|SECO|01   1   4|ARROZ|01   1   4  12  00|COMUN LARGO|01   1   4  12  00  00|7798108348614|ARROZ LARGO FINO 00000 LAMINADO CARREFOUR X 500GRS|Roturas|ROT|500.00|GRM|-4.64|-1.00
10112|112 - Salta|201605|CARNICERIA|01   2   4|NOVILLO|01   2   4  02  01|PARRILLERO|01   2   4  02  01  03|2302628000003|FALDA DE NOVILLO X KG|Vencimiento|VTO|1000.00|GRM|-823.01|-7.80
10115|115 - Flores|201601|SECO|01   1   4|YERBAS|01   1   4  02  03|TRADICIONAL|01   1   4  02  03  00|7790387113310|YERBA MATE C/PALO ORIGEN CONTROLADO TARAGUI X 1 KG|Roturas|ROT|1000.00|GRM|-32.31|-1.00
10115|115 - Flores|201606|PANADERIA|01   2   3|REPOSTERIA SECA|01   2   3  01  00|PIONONO|01   2   3  01  00  00|7791473001771|PIONONO TORTA 3 CAPAS (RED) VAINILLA X 240 GR.|Vencimiento|VTO|240.00|GRM|-179.30|-10.00
10062|062 - Champagnat|201602|SECO|01   1   4|ALFAJORES|01   1   4  07  04|BLANCOS|01   1   4  07  04  00|7798159718534|ALFAJOR CHOCOLATE BLANCO CARREFOUR 6 X 55 GRS|Roturas|ROT|330.00|GRM|-41.71|-2.00
10114|114 - B. Blanca|201605|CARNICERIA|01   2   4|NOVILLITO|01   2   4  02  04|PECHO|01   2   4  02  04  02|2308256000002|ROAST BEEF NOVILLITO|Merma por Fabricación|MFA|1000.00|GRM|-28.03|-0.40
10116|116 - Avenida Sta. Fe|201603|P.A.S.|01   1   5|QUESO CREMA|01   1   5  01  04|DESCREMADO|01   1   5  01  04  01|7790244001446|QUESO CREMA LIGHT SAN IGNACIO POTE X 320 GRS|Roturas|ROT|320.00|GRM|-13.90|-1.00
10120|120 - Belgrano (Cabildo)|201601|FRUTAS Y VERDURAS|01   2   2|PESADA|01   2   2  01  01|PAPA|01   2   2  01  01  00|2387600000004|PAPA NEGRA X KG.|Reclasificacion de Stocks|RDS|1000.00|GRM|-324.00|-60.00
10122|122 - Jujuy|201602|SECO|01   1   4|HARINAS DE TRIGO|01   1   4  10  00|TRIPLE 000|01   1   4  10  00  00|7792180001528|HARINA DE TRIGO 000 CANUELAS X 1 KG|Roturas|ROT|1000.00|GRM|-17.88|-4.00
10049|049 - Florencio Varela|201604|SECO|01   1   4|SOPAS INSTANTANEAS|01   1   4  13  00|LIGHT SOPA INSTANTANEA|01   1   4  13  00  01|7798052471246|(S)SOPA ZAPALLO DESHIDRATADO HOISIN X 150 GRS|Vencimiento|VTO|150.00|GRM|-64.00|-2.00
10001|001 - San Isidro|201601|CARNICERIA|01   2   4|GRANEL|01   2   4  06  02|ENTERO|01   2   4  06  02  00|2308068000009|POLLO LS S/MENUDOS .|Vencimiento|VTO|1000.00|GRM|-543.95|-21.50
10001|001 - San Isidro|201601|SECO|01   1   4|SOPAS INSTANTANEAS|01   1   4  13  00|LIGHT SOPA INSTANTANEA|01   1   4  13  00  01|7794000598577|SOPA QUICK LIGHT ESPINACA A LA CREMA KNORR X 5 UNI|Roturas|ROT|50.00|GRM|-12.62|-1.00
10123|123 - San Juan|201605|P.A.S.|01   1   5|SALCHICHAS|01   1   5  05  02|SALCHICHAS COMUNES|01   1   5  05  02  02|7790360025944|SALCHICHAS MAS LARGAS SWIFT FLOW PACK X 12 UNI|Roturas|ROT|720.00|GRM|-121.94|-2.00
10128|128 - Cdoro. Rivadavia|201603|P.A.S.|01   1   5|VEGETALES Y HORTALIZAS|01   1   5  03  02|BROCOLI|01   1   5  03  02  02|7790670050520|BROCOLI CONGELADO SADIA BOLSA X 400 GRS|Roturas|ROT|400.00|GRM|-30.00|-1.00
10136|136 - Gral. Roca|201602|SECO|01   1   4|GUISEROS|01   1   4  11  01|MOSTACHOLE|01   1   4  11  01  03|7798159716349|FIDEOS MOSTACHOL RAYADO CARREFOUR BOLSA X 500 GRS|Roturas|ROT|500.00|GRM|-95.78|-13.00
10139|139 - Olavarria|201601|PESCADERIA|01   2   1|MARISCOS|01   2   1  00  02|MEJILLONES|01   2   1  00  02  02|7798146700177|MEJILLONES PELADOS COCIDOS CONGELADOS X 250 GRS|Vencimiento|VTO|250.00|GRM|-89.75|-5.00
10139|139 - Olavarria|201602|FRUTAS Y VERDURAS|01   2   2|EXOTICAS|01   2   2  02  03|PALTA|01   2   2  02  03  01|2320022000009|PALTA HASS X KG.|Vencimiento|VTO|1000.00|GRM|-429.50|-7.58
10142|142 - Rio Grande|201606|SECO|01   1   4|A GRANEL|01   1   4  07  05|ALFAJORES|01   1   4  07  05  04|7790070960528|(G)ALFAJOR DE ARROZ CHOC BLCO CHOCOARROZ X 22 GRS|Vencimiento|VTO|26.00|GRM|-241.28|-33.00
10053|053 - Neuquen II|201605|BEBIDAS|01   1   0|AGUAS SABORIZADAS|01   1   0  02  02|BOTELLA FAMILIAR SABORIZADAS|01   1   0  02  02  01|7798062541823|AGUA SABORIZADA CERO LIMON S/G LEVITE VDS X 1.5 LT|Roturas|ROT|1500.00|CM3|-16.43|-1.00
10008|008 - La Plata|201602|SECO|01   1   4|A GRANEL|01   1   4  07  05|CHOCOLATES|01   1   4  07  05  02|77940131|(G)TURRON Y MANI ARCOR X 25 GRS.|Roturas|ROT|25.00|GRM|-39.41|-17.00
10143|143 - Rio Gallegos|201603|P.A.S.|01   1   5|JUGOS REFRIGERADOS|01   1   5  01  08|JUGOS REFRIGERADOS|01   1   5  01  08  00|7798085680424|JUGO DE NARANJA EXPRIMIDO CITRIC TETRA X 1.5 LT|Roturas|ROT|1500.00|CM3|-26.05|-1.00
10148|148 - 9 de Julio|201605|SECO|01   1   4|A GRANEL|01   1   4  07  05|ALFAJORES|01   1   4  07  05  04|7798159718503|(G)ALFAJOR CHOCOLATE NEGRO CARREFOUR X 55 GRS|Roturas|ROT|55.00|GRM|-8.60|-2.00
10148|148 - 9 de Julio|201605|CARNICERIA|01   2   4|NOVILLITO|01   2   4  02  04|CICLO III (BIFE)|01   2   4  02  04  08|2301994000006|BIFE ANCHO NOVILLITO|Vencimiento|VTO|1000.00|GRM|-397.86|-5.21
10148|148 - 9 de Julio|201606|SECO|01   1   4|LECHE INFANTIL|01   1   4  21  00|LECHE ETAPA 3 POLVO|01   1   4  21  00  07|7613034612687|LECHE EN POLVO ENTERA CRECIMIENTO 3 NIDO X 800 GRS|Roturas|ROT|800.00|GRM|-66.87|-1.00
10150|150 - Vidt|201603|P.A.S.|01   1   5|HAMBURGUESAS|01   1   5  03  00|NATURALES ( HAMBURGUESAS )|01   1   5  03  00  00|7790360008770|MEDALLON DE CARNE SWIFT KIDS DISNEY X 4 UNI|Vencimiento|VTO|224.00|GRM|-176.39|-6.00
10002|002 - Vicente Lopez|201603|CARNICERIA|01   2   4|TERNERA|01   2   4  02  02|CICLO III (PECHO)|01   2   4  02  02  07|2301966000003|OSOBUCO PREMIUM X KG|Reclasificacion de Stocks|RDS|1000.00|GRM|218.40|6.50
10150|150 - Vidt|201604|SECO|01   1   4|CRACKERS|01   1   4  01  00|TRADICIONALES CRACKERS|01   1   4  01  00  00|7790040887909|GALLETITAS SANDWICH MEDIATARDE 5 X 107 GRS|Roturas|ROT|535.00|GRM|-22.45|-1.00
10050|050 - R. MARTINOLI|201606|SECO|01   1   4|SOPEROS|01   1   4  11  00|AVE MARIA|01   1   4  11  00  02|7622300724283|FIDEOS AVE MARIA TERRABUSI BOLSA X 500 GRS|Roturas|ROT|500.00|GRM|-9.90|-1.00
10150|150 - Vidt|201604|P.A.S.|01   1   5|HUEVOS|01   1   5  02  01|BLANCO|01   1   5  02  01  00|7792335000321|HUEVO BLANCO AVICOPER CARTON X 6 UNI|Vencimiento|VTO|6.00|UNI|-11.96|-1.00
10046|046 - Tucuman|201605|PLATOS PREPARADOS|01   2   6|MASAS|01   2   6  02  02|PREPIZZAS|01   2   6  02  02  00|7798009620468|PIZZETAS DE TOMATE X 6 UNID.|Vencimiento|VTO|220.00|GRM|-120.49|-8.00
10150|150 - Vidt|201604|SECO|01   1   4|AZUCAR|01   1   4  06  00|AZUCAR COMUN|01   1   4  06  00  01|7792878000017|AZUCAR BLANCA MOLIDA DOMINO BOLSA X 1 KG|Roturas|ROT|1000.00|GRM|-30.57|-4.00
10156|156 - San Nicolas (Tia)|201606|CARNICERIA|01   2   4|MARCA PROPIA|01   2   4  06  01|TROZADO|01   2   4  06  01  01|2308139000006|MUSLO MARCA PROPIA X KG..|Reclasificacion de Stocks|RDS|1000.00|GRM|-87.84|-2.00
10161|161 - Ushuaia|201601|FIAMBRERIA|01   2   0|FIAMBRES Y QUESOS FETEADOS|01   2   0  01  00|JAMON CRUDO|01   2   0  01  00  00|7798029781521|JAMON CRUDO FETEADO SERRANO ESPUNA X 150 GRS|Vencimiento|VTO|150.00|GRM|-727.22|-14.00
10161|161 - Ushuaia|201604|P.A.S.|01   1   5|CREMAS|01   1   5  01  05|CREMAS|01   1   5  01  05  00|7790080033397|CREMA DE LECHE SANTA BRIGIDA POTE X 360 CC|Vencimiento|VTO|360.00|CM3|-20.00|-1.00
10162|162 - Trelew (Hiper)|201602|SECO|01   1   4|YERBAS|01   1   4  02  03|MATE COCIDO|01   1   4  02  03  05|7790387000849|MATE COCIDO EN SAQUITOS TARAGUI X 25 UNI|Roturas|ROT|75.00|GRM|-20.58|-3.00
10125|125 - Parana (Tia)|201603|SECO|01   1   4|PAPAS FRITAS|01   1   4  00  00|SABORIZADAS|01   1   4  00  00  01|7790310005668|PAPAS FRITAS QUESO-CEBOLLA LAYS X 103 GRS|Roturas|ROT|103.00|GRM|-21.72|-1.00
10162|162 - Trelew (Hiper)|201604|SECO|01   1   4|HARINAS DE TRIGO|01   1   4  10  00|LEUDANTE|01   1   4  10  00  02|7790070507228|HARINA LEUDANTE C/VITA ZINC BLANCAFLOR X 1 KG|Roturas|ROT|1000.00|GRM|-9.03|-1.00
10032|032 - Rosario Centro|201605|SECO|01   1   4|GUISEROS|01   1   4  11  01|CODOS|01   1   4  11  01  00|7790070317735|FIDEOS CODITOS RAYADOS FORT FAVORITA X 500 GRS|Roturas|ROT|500.00|GRM|-91.55|-15.00
10062|062 - Champagnat|201603|SECO|01   1   4|DULCES|01   1   4  01  01|GALLETITAS SECAS PAQUETE|01   1   4  01  01  16|7790263110891|GALLETITAS DULCES C/LECHE-MIEL FORTI OKEBON X 165G|Vencimiento|VTO|165.00|GRM|-7.00|-1.00
10062|062 - Champagnat|201603|CARNICERIA|01   2   4|OTRAS MARCAS|01   2   4  05  01|FRESCO|01   2   4  05  01  00|2303195000007|CHULETAS DE PALETA DE CERDO|Vencimiento|VTO|1000.00|GRM|-101.38|-1.76
10062|062 - Champagnat|201603|SECO|01   1   4|CRACKERS|01   1   4  01  00|TOSTADAS|01   1   4  01  00  07|7790040107311|TOSTADAS CLASICAS SER X 200 GRS.|Roturas|ROT|200.00|GRM|-19.46|-1.00
10062|062 - Champagnat|201603|BEBIDAS|01   1   0|JUGOS NATURALES|01   1   0  01  01|NARANJA NATURALES|01   1   0  01  01  00|7790017405006|JUGO NATURAL NARANJA TROPICANA X 1 LT|Roturas|ROT|1000.00|CM3|-40.08|-3.00
10062|062 - Champagnat|201603|FIAMBRERIA|01   2   0|FIAMBRES Y QUESOS FETEADOS|01   2   0  01  00|JAMON COCIDO|01   2   0  01  00  03|7790079016103|JAMON COCIDO FETEADO PALADINI X 200 GRS|Vencimiento|VTO|200.00|GRM|-51.90|-2.00
10167|167 - Jujuy 1 (Lozano)|201603|P.A.S.|01   1   5|HAMBURGUESAS|01   1   5  03  00|NATURALES ( HAMBURGUESAS )|01   1   5  03  00  00|7790360966841|MEDALLON DE CARNE SUPERCONGELADO SWIFT X 4UNI|Roturas|ROT|276.00|GRM|-13.89|-1.00
10168|168 - Jujuy 2 (Lozano)|201603|CARNICERIA|01   2   4|NOVILLO|01   2   4  02  01|CUARTO MOCHO|01   2   4  02  01  01|2302738000009|CARNAZA COMUN NOVILLO X KG|Reclasificacion de Stocks|RDS|1000.00|GRM|256.22|5.70
10168|168 - Jujuy 2 (Lozano)|201605|SECO|01   1   4|CACAO|01   1   4  03  01|EN POLVO (CACAO)|01   1   4  03  01  00|7790150830857|CACAO EN POLVO PLUS CHOCOLINO BOLSA X 180 G|Roturas|ROT|180.00|GRM|-11.37|-1.00
10177|177 - Tucuman 2 (Lozano)|201605|P.A.S.|01   1   5|PRE-PIZZAS|01   1   5  09  04|PRE-PIZZAS COMUNES|01   1   5  09  04  00|7798141710140|PREPIZZA MEDIA MASA DE TOMATE CARREFOUR X 2 UNI|Roturas|ROT|600.00|GRM|-88.09|-4.00
10149|149 - Bariloche|201606|SECO|01   1   4|BASICOS|01   1   4  04  01|BASICOS|01   1   4  04  01  00|7798141717644|COPOS DE MAIZ CARREFOUR BOLSA X 160 GRS.|Roturas|ROT|160.00|GRM|-16.86|-3.00
10177|177 - Tucuman 2 (Lozano)|201605|SECO|01   1   4|DULCES|01   1   4  01  01|GALLETITAS OBLEAS|01   1   4  01  01  03|7891962038094|OBLEA MAXI COOKIES N CREAM BAUDUCCO X 130 GRS|Vencimiento|VTO|130.00|GRM|-55.39|-6.00
10179|179 - Puerto Madryn II|201604|CARNICERIA|01   2   4|OTRAS MARCAS|01   2   4  06  03|TROZADO|01   2   4  06  03  01|2305686000008|MUSLO E/BANDEJA TRES ARROYOS|Reclasificacion de Stocks|RDS|1000.00|GRM|-741.91|-14.70
10180|180 - Rio Grande II|201603|CARNICERIA|01   2   4|NOVILLITO|01   2   4  02  04|CUARTO MOCHO|01   2   4  02  04  01|2308254000004|TORTUGUITA NOVILLITO|Vencimiento|VTO|1000.00|GRM|-265.40|-4.00
10182|182 - Juramento y  Cramer|201604|PLATOS PREPARADOS|01   2   6|PASTAS NO RELLENAS|01   2   6  02  01|NOQUIS|01   2   6  02  01  02|2920146900003|NOQUIS DE SEMOLIN X 500 GRS.|Vencimiento|VTO|500.00|GRM|-37.04|-4.00
10183|183 - Maschwitz|201604|P.A.S.|01   1   5|HUEVOS|01   1   5  02  01|BLANCO|01   1   5  02  01  00|7792335000321|HUEVO BLANCO AVICOPER CARTON X 6 UNI|Roturas|ROT|6.00|UNI|-56.17|-5.00
10184|184 - Sta. Rosa II|201606|PANADERIA|01   2   3|REPOSTERIA SECA|01   2   3  01  00|ESPECIALIDADES DULCES|01   2   3  01  00  05|2655572000002|MADALENAS CON GOTAS DE CHOCOLATE X 250 GRS|Vencimiento|VTO|250.00|GRM|-14.06|-1.00
10187|187 - Escobar|201605|SECO|01   1   4|CALDOS|01   1   4  13  03|SABORIZADORES|01   1   4  13  03  05|7794000595514|SABORIZADOR CARNE HORNO KNORR SOBRE X 25 GRM|Roturas|ROT|25.00|GRS|-14.81|-1.00
10055|055 - Formosa II La Rural|201602|FRUTAS Y VERDURAS|01   2   2|BERRIES|01   2   2  02  04|FRUTILLA|01   2   2  02  04  00|2320016000008|FRUTILLAS A GRANEL X KG|Roturas|ROT|1.00|KGM|-2116.00|-36.00
10189|189 - Av Corrientes|201601|SECO|01   1   4|ALFAJORES|01   1   4  07  04|BLANCOS|01   1   4  07  04  00|7790040006133|ALFAJOR BLANCO TATIN 6 X 33 GRM|Vencimiento|VTO|198.00|GRM|-111.43|-7.00
10189|189 - Av Corrientes|201606|SECO|01   1   4|SNACKS VARIOS|01   1   4  00  05|SNACKS VARIOS|01   1   4  00  05  00|7790310005064|MEZCLA DE SNACKS DETODITO 3D BOLSA X 52 GRS|Vencimiento|VTO|52.00|GRM|-329.11|-32.00
10195|195 - OLAZABAL|201604|PANADERIA|01   2   3|BOLLERIA|01   2   3  00  01|FIGAZA|01   2   3  00  01  07|2301743000004|FIGACITAS X KG|Vencimiento|VTO|1000.00|GRM|-11.78|-0.37
10198|198 - Cabildo Nunez|201601|SECO|01   1   4|BANADOS CHOCOLATE|01   1   4  07  03|OTROS BANADOS|01   1   4  07  03  05|7622300335052|SNACKY BANADOS CHOCOLATE TERRABUSI X 60 GRS|Roturas|ROT|60.00|GRM|-8.85|-1.00
10198|198 - Cabildo Nunez|201604|CARNICERIA|01   2   4|NOVILLITO|01   2   4  02  04|CICLO III (ASADO VACIO)|01   2   4  02  04  11|2302041000000|ASADO NOVILLITO.|Vencimiento|VTO|1000.00|GRM|-1013.67|-12.60
10033|033 - Rosario Sur|201606|P.A.S.|01   1   5|TAPAS DE TARTA|01   1   5  09  01|ESPECIALES|01   1   5  09  01  03|7798159716127|TAPA P/PASCUALINA MEDIA MASA CARREFOUR BSA X 2 UNI|Vencimiento|VTO|400.00|GRM|-198.17|-19.00
10021|021 - Moreno|201605|SECO|01   1   4|CAFE|01   1   4  02  00|MOLIDO|01   1   4  02  00  00|7790170901872|CAFE MOLIDO CLASICO LA MORENITA BOLSA X 250 GRS|Roturas|ROT|250.00|GRM|-26.84|-2.00
10198|198 - Cabildo Nunez|201606|BEBIDAS|01   1   0|AGUAS SABORIZADAS|01   1   0  02  02|BOTELLA PERSONAL|01   1   0  02  02  00|7798062540338|AGUA SABORIZADA PERA S/G VDS LEVITE X 600 CC.|Vencimiento|VTO|600.00|CM3|-9.34|-1.00
10191|191 - Mar del Plata II|201606|SECO|01   1   4|ARROZ|01   1   4  12  00|PARBOIL|01   1   4  12  00  04|7790070411815|ARROZ PARBOIL LUCCHETTI BOLSA X 1 KG|Roturas|ROT|1000.00|GRM|-16.63|-1.00
10202|202 - San Isidro (La Florida)|201603|SECO|01   1   4|YERBAS|01   1   4  02  03|TRADICIONAL|01   1   4  02  03  00|7793132000613|(O) YERBA MATE C/PALO ESQUINA DE LAS FLORES X 500G|Roturas|ROT|500.00|GRM|-44.84|-1.00
10144|144 - La Plata II|201604|CARNICERIA|01   2   4|NOVILLITO|01   2   4  02  04|CICLO III (PECHO)|01   2   4  02  04  07|2302038000006|AZOTILLO NOVILLITO|Reclasificacion de Stocks|RDS|1000.00|GRM|-257.38|-7.57
10011|011 - Malvinas Argentinas|201602|SECO|01   1   4|MIEL|01   1   4  09  03|REGULARES MIEL|01   1   4  09  03  00|7798141716890|(O)MIEL ORGANICA CARREFOUR BIO X 300 GRS|Roturas|ROT|300.00|GRM|-187.69|-6.00
10202|202 - San Isidro (La Florida)|201604|SECO|01   1   4|YERBAS|01   1   4  02  03|TRADICIONAL|01   1   4  02  03  00|7790387014327|YERBA MATE SUAVE ORIGEN CONTROLADO UNION X 500 G|Roturas|ROT|500.00|GRM|-16.67|-1.00
10015|015 - San Martin|201602|SECO|01   1   4|GELATINAS|01   1   4  08  00|GELATINAS DIET|01   1   4  08  00  01|7622300865580|GELATINA FRUTILLA LIGHT MANJARES ROYAL X 25 GRM|Roturas|ROT|25.00|GRS|-28.09|-4.00
10030|030 - Mataderos|201602|SECO|01   1   4|HARINA DE MAIZ|01   1   4  10  02|INTANTANEA|01   1   4  10  02  01|7792170007196|(PC) POLENTA INSTANTANEA MAGICA BOLSA X 500 GRS|Roturas|ROT|500.00|GRM|-8.88|-2.00
10204|204 - Olivos (Ugarte)|201606|SECO|01   1   4|A GRANEL|01   1   4  00  09|SNACKS|01   1   4  00  09  00|7790310005286|(G)PAPAS FRITAS CLASICAS LAYS X 46 GRS|Roturas|ROT|46.00|GRM|-14.29|-1.00
10002|002 - Vicente Lopez|201606|SECO|01   1   4|ESPECIALES|01   1   4  11  03|SABORIZADOS FIDEOS|01   1   4  11  03  02|8004323113630|FIDEOS RUOTE TRICOLOR COLAVITA BOLSA X 500 GRS|Roturas|ROT|500.00|GRM|-44.99|-1.00
10006|006 - Salguero|201602|SECO|01   1   4|DULCES|01   1   4  01  01|GALLETITAS SURTIDO / ANILLOS|01   1   4  01  01  02|7622300829544|GALLETITAS SURTIDAS DORADA VARIEDAD X 300 GRS|Roturas|ROT|300.00|GRM|-15.77|-1.00
10024|024 - Cba. Jardin|201605|P.A.S.|01   1   5|HELADOS|01   1   5  04  00|MULTIPACKS|01   1   5  04  00  01|7796020011210|HELADO DE AGUA TUTI FRUTI PATA PALO CAJA X 10 UNI|Vencimiento|VTO|490.00|GRM|-42.21|-1.00
10036|036 - Ituzaingo|201604|PANADERIA|01   2   3|FACTURAS SURTIDA|01   2   3  02  00|FACTURAS SURTIDA|01   2   3  02  00  00|7791696001152|CANONCITO D.LECHE X 250 GRS|Vencimiento|VTO|250.00|GRM|-172.62|-7.00
10204|204 - Olivos (Ugarte)|201606|FIAMBRERIA|01   2   0|FIAMBRES Y QUESOS FETEADOS|01   2   0  01  00|JAMON CRUDO|01   2   0  01  00  00|2303470000005|JAMON CRUDO BLOQUE ESPUNA X KG|Reclasificacion de Stocks|RDS|1000.00|GRM|-191.20|-0.80
10002|002 - Vicente Lopez|201606|PESCADERIA|01   2   1|MOLUSCOS|01   2   1  00  03|TENTACULO DE CALAMAR|01   2   1  00  03  04|2306209000000|TENTACULOS DE CALAMAR X KG|Vencimiento|VTO|1000.00|GRM|-58.30|-1.00
10002|002 - Vicente Lopez|201606|CARNICERIA|01   2   4|TERNERA|01   2   4  02  02|CICLO III (BIFE)|01   2   4  02  02  08|2301996000004|BIFE DE CHORIZO PREMIUM X KG|Vencimiento|VTO|1000.00|GRM|-1887.00|-12.69
10036|036 - Ituzaingo|201604|CARNICERIA|01   2   4|TERNERA|01   2   4  02  02|CICLO III (MILANESA)|01   2   4  02  02  09|2302024000003|MILANESA DE PECETO DE PREMIUM X KG|Vencimiento|VTO|1000.00|GRM|-79.12|-0.46
10205|205 - Palomar|201605|CARNICERIA|01   2   4|NOVILLITO|01   2   4  02  04|CICLO III (CUARTO MOCHO)|01   2   4  02  04  10|2303823000003|MEDALLON DE TORTUGUITA NOVILLITO X KG|Reclasificacion de Stocks|RDS|1000.00|GRM|-69.70|-1.00
10205|205 - Palomar|201605|CARNICERIA|01   2   4|NOVILLITO|01   2   4  02  04|CICLO III (MILANESA)|01   2   4  02  04  09|2302022000005|MILANESA DE NALGA NOVILLITO.|Vencimiento|VTO|1000.00|GRM|-89.31|-0.83
10032|032 - Rosario Centro|201603|SECO|01   1   4|A GRANEL|01   1   4  07  05|BARRAS|01   1   4  07  05  06|77995407|(G)BARRA CEREAL LIGHT YOGHU FRUT CEREAL MIX X28G|Roturas|ROT|28.00|GRM|-6.51|-1.00
10205|205 - Palomar|201606|P.A.S.|01   1   5|YOGUR ENTERO|01   1   5  01  01|BEBIBLES ENTERO|01   1   5  01  01  04|7791337992542|YOGUR CREMIX BANANA TWIST YOGURISIMO SACHET X960G|Roturas|ROT|960.00|GRM|-37.35|-1.00
10206|206 - Bo. 6 (Beruti)|201606|SECO|01   1   4|ALFAJORES|01   1   4  07  04|BLANCOS|01   1   4  07  04  00|7790893000074|ALFAJOR BLANCO LA RECOLETA 6 X 72 GRS|Vencimiento|VTO|432.00|GRM|-496.44|-12.00
10208|208 - Campana (centro)|201601|SECO|01   1   4|PAN DULCE|01   1   4  20  03|PAN DULCE COMUNES|01   1   4  20  03  00|7794600003044|PAN DULCE C/FRUTAS TERRABUSI BOLSA X 500 GRS|Roturas|ROT|500.00|GRM|-37.35|-1.00
10208|208 - Campana (centro)|201601|PESCADERIA|01   2   1|MARISCOS|01   2   1  00  02|MEJILLONES|01   2   1  00  02  02|7795792001085|MEJILLON PELADO X 250 GRS|Vencimiento|VTO|250.00|GRM|-84.75|-3.00
10208|208 - Campana (centro)|201602|PANADERIA|01   2   3|REPOSTERIA SECA|01   2   3  01  00|ESPECIALIDADES DULCES|01   2   3  01  00  05|7791696001145|MASAS SECAS X 200 GRS|Vencimiento|VTO|200.00|GRM|-69.84|-3.00
10208|208 - Campana (centro)|201605|SECO|01   1   4|HARINAS DE TRIGO|01   1   4  10  00|TRIPLE 000|01   1   4  10  00  00|7792180001528|HARINA DE TRIGO 000 CANUELAS X 1 KG|Roturas|ROT|1000.00|GRM|-37.09|-8.00
10009|009 - Cba. Colon|201605|SECO|01   1   4|SOPAS TRADICIONALES|01   1   4  13  01|REGULAR SOPA CREMA|01   1   4  13  01  00|7794000598317|SOPA CREMA DE ARVEJAS C/JAMON KNORR SOBRE X 64 GRS|Roturas|ROT|64.00|GRM|-10.00|-1.00
10208|208 - Campana (centro)|201605|P.A.S.|01   1   5|HAMBURGUESAS|01   1   5  03  00|NATURALES ( HAMBURGUESAS )|01   1   5  03  00  00|7798159717810|HAMBURGUESA CARREFOUR CAJA X 12 UNI|Vencimiento|VTO|996.00|GRM|-189.18|-2.00
10009|009 - Cba. Colon|201605|SECO|01   1   4|DULCES|01   1   4  01  01|GALLETITAS VAINILLAS|01   1   4  01  01  04|7798159717971|VAINILLAS CARREFOUR FLOW PACK X 340 GRS|Roturas|ROT|340.00|GRM|-13.26|-1.00
10050|050 - R. MARTINOLI|201604|SECO|01   1   4|BANADOS CHOCOLATE|01   1   4  07  03|OTROS BANADOS|01   1   4  07  03  05|14100087847|PALITOS PIRUETTE VAINILLA PEPPERIDGE FARM X 382 GR|Vencimiento|VTO|382.00|GRM|-162.95|-2.00
10208|208 - Campana (centro)|201602|P.A.S.|01   1   5|QUESO CREMA|01   1   5  01  04|DESCREMADO|01   1   5  01  04  01|7790244001446|QUESO CREMA LIGHT SAN IGNACIO POTE X 320 GRS|Vencimiento|VTO|320.00|GRM|-69.50|-5.00
