FRA354|THIONVILLE|31/12/2016|FRUITS ET LEGUMES|22|FRUITS EXOTIQUE VRACS|2210|MARQUES NATIONALES|AUTRE FRUITS EXOTIQUE VRAC|22104|3276550148616|PCE KAKI CEE X38|10|ECART D'INVENTAIRE|-42||-24.36
FRA096|SENS -MAILLOT|31/12/2016|BOUCHERIE VOLAILLE|24|VEAU A LA COUPE|2481|MARQUE PROPRE|VEAU PAUPIETTES COUPE|24813|3276554527561|VEAU PAUPIETTES|10|ECART D'INVENTAIRE|-12.702|1|-178.971
FRA055|LESCAR|31/12/2016|P.L.S.|25|JAMBON CRU, SEC ET TRANCHAGE|2541|MARQUES NATIONALES|CHARCUTERIE TRANCHEE|25411|8437010376443|100G CHIFFONNADE SAUCISSON C.C|10|ECART D'INVENTAIRE|-1|.1|-1.03
FRA085|PORT DE BOUC|31/12/2016|P.L.S.|25|JAMBON CUIT|2540|MARQUES NATIONALES|AUTRES JAMBONS SUPERIEURS|25405|3095757413019|6TR F JB SUP CUIT SC - 25% SEL|10|ECART D'INVENTAIRE|-1|.18|-2.92
FRA212|AUBERVILLIERS|31/12/2016|P.L.S.|25|SAUCISSERIE SECHE|2543|MARQUES NATIONALES|BATON|25432|3071501389915|250G SAUCISSE SECHE COCHONOU|10|ECART D'INVENTAIRE|20|.25|71.8
FRA095|SARTROUVILLE|30/12/2016|P.L.S.|25|CRUSTACE, MOLLUSQUE SURGELE|2584|1ER PRIX|GRENOUILLES ET ESCARGOTS|25842|3276554592453|500G CUISS.GREN.DROIT.21/40LBS|10|ECART D'INVENTAIRE|17|.5|42.5
FRA304|ARMENTIERES|31/12/2016|POISSONNERIE|21|POISSON PLAT STAND|2112|MARQUE PROPRE|POISSON PLAT ENTIER STAND|21121|3276554084002|PAF SOLE A FILET|10|ECART D'INVENTAIRE|5.912|1|133.256
FRA096|SENS -MAILLOT|31/12/2016|BOULANGERIE/PATISSERIE|23|INDIVIDUELLES|2323|MARQUES NATIONALES|AUTRES PATISSERIES INDIVIDUELL|23234|3291810048253|110G MILLE FEUIL.IND.BLISTERX2|10|ECART D'INVENTAIRE|102|.22|172.38
FRA050|LABEGE|31/12/2016|FRUITS ET LEGUMES|22|BOUQUETS COMPOSES|2280|MARQUE PROPRE|BOUQUET BOTTE|22801|3270190854302|BQT COMPOSE TELETHON ORANGE|10|ECART D'INVENTAIRE|-5||-20.95
FRA342|ORMESSON|31/12/2016|CHARCUT.TRAITEUR|20|ENTREES CHAUDES|2023|MARQUES NATIONALES|QUICHE TRAITEUR COUPE|20238|3700009253885|KG TARTE SAUMON 1,6KG|10|ECART D'INVENTAIRE|8.22|1.6|66.335
FRA351|ST PIERRE DES CORPS|31/12/2016|P.L.S.|25|TARTINABLES ET BLINIS|2564|MARQUES NATIONALES|OEUFS DE POISSON|25643|3392780003195|80 GR OEUFS TRUITE BIO OVIVE|10|ECART D'INVENTAIRE|-11|.08|-46.97
FRA084|PONTAULT COMBAULT|30/12/2016|P.L.S.|25|LEGUMES SURGELES|2586|MARQUES NATIONALES|PALETS DE LEGUMES|25864|3083681062267|300G GALETTES POTIRON BONDUEL.|10|ECART D'INVENTAIRE|2|.3|3.14
FRA085|PORT DE BOUC|31/12/2016|BOUCHERIE VOLAILLE|24|SAUCISSERIE BARQUETTES|2452|MARQUE PROPRE|BARQUETTES CHIPOLATAS|24520|3245415552554|X4 CHIPOLATAS SUPERIEURES FQC|10|ECART D'INVENTAIRE|4|.3|7.96
FRA095|SARTROUVILLE|31/12/2016|BOULANGERIE/PATISSERIE|23|EMBALLAGE BOUL/PATE|2391|MARQUES NATIONALES|EMBALLAGES PVC BOUL/PATISS.|23913|3342690004874|3.5H100 100 BT.CAR.CHARN/TRAP|10|ECART D'INVENTAIRE|3.94||166.11
FRA190|LA CHAPELLE ST LUC 2|31/12/2016|FRUITS ET LEGUMES|22|FRUITS SECS CONDITIONNES|2251|MARQUES NATIONALES|FRUITS MOELLEUX|22511|3760124630015|DATTE BRANCHE ALG. SOUA 1KG|10|ECART D'INVENTAIRE|-2|1|-8.22
FRA055|LESCAR|31/12/2016|BOUCHERIE VOLAILLE|24|HACHE BOEUF BARQUETTE|2415|MARQUES NATIONALES|HACHE BF SBH 5%MG|24150|3265980790830|260G TARTARE FACON BRASSERI.X2|10|ECART D'INVENTAIRE|2|.26|5.76
FRA208|FRANCHEVILLE|31/12/2016|P.L.S.|25|JAMBON CUIT|2540|MARQUE PROPRE|JAMBON CHOIX|25402|3560071011093|425G 10T JAMBON DE PARIS CRF|10|ECART D'INVENTAIRE|10|.425|19.9
FRA218|BEAUVAIS|31/12/2016|BOULANGERIE/PATISSERIE|23|MATIERE 1ERE BOUL/PATE|2392|MARQUES NATIONALES|PRODUITS SURGELE BOUL/PATISS.|23924|3760086150033|150G COQUES PARIS BREST 22CM|10|ECART D'INVENTAIRE|72|.15|73.44
FRA351|ST PIERRE DES CORPS|31/12/2016|P.L.S.|25|COMPOTES|2517|MARQUES NATIONALES|COMPOTES ALLEGEES|25171|3297760097082|4X100 GR SSA P/PINK LADY|10|ECART D'INVENTAIRE|-11|.4|-15.51
FRA104|ST JEAN DE VEDAS|31/12/2016|FRUITS ET LEGUMES|22|FRUITS SECS CONDITIONNES|2251|MARQUES NATIONALES|FS AIDE PATISSERIE CONDITIONNE|22513|3270720125056|BOITE 125G AMANDE EN POUDRE DB|10|ECART D'INVENTAIRE|-43|.125|-72.67
FRA208|FRANCHEVILLE|31/12/2016|POISSONNERIE|21|POISSON TRANSFORME L.S.|2105|MARQUES NATIONALES|POISSON TRANSFORME LS|21053|3701008802166|TARAMA CABILLAUD JF 175G|10|ECART D'INVENTAIRE|28|.175|73.92
FRA109|TOULON -GRAND VAR|31/12/2016|BOULANGERIE/PATISSERIE|23|PATISSERIE SECHE|2320|MARQUES NATIONALES|PATE JAUNE|23200|3557001712953|X12 CANELE BORDEAUX BOUCHEE|10|ECART D'INVENTAIRE|34|.204|59.5
FRA215|VILLENEUVE LA GARENN|30/12/2016|P.L.S.|25|SANTE ACTIVE|2513|MARQUES NATIONALES|BIOLOGIQUE|25139|3277390001093|4X125G YAOURT BI MURE SAVOIE|10|ECART D'INVENTAIRE|-4|.5|-7.36
FRA119|VITROLLES|30/12/2016|P.L.S.|25|PATES MOLLES|2500|MARQUE PROPRE|CAMEMBERTS PASTEURISES|25000|3270190020165|250G CAMEMBERT CARREFOUR|10|ECART D'INVENTAIRE|4|.25|3.44
FRA112|TOURVILLE LA RIVIERE|31/12/2016|P.L.S.|25|ENTREES TRAITEUR|2550|MARQUE PROPRE|CREPES FRAICHES|25505|3245390089816|240G CREPES FROMENT RDF|10|ECART D'INVENTAIRE|-9|.24|-10.26
FRA218|BEAUVAIS|31/12/2016|CHARCUT.TRAITEUR|20|CHARCUTERIE LS INDUSTRIEL|2011|MARQUES NATIONALES|SAUCISSONS SECS LS|20118|3173660021757|250G SAUCISSON JBN-ST ANTOINE|10|ECART D'INVENTAIRE|2|.25|6.04
FRA083|PERPIGNAN -CLAIRA|31/12/2016|CHARCUT.TRAITEUR|20|SALADES LS INDUSTRIELLE|2033|MARQUES NATIONALES|SALADES VIANDE VOLAILLE LS|20332|3700009201602|300G MUSEAU DE PORC/LYONNAISE|10|ECART D'INVENTAIRE|-13|.3|-24.57
FRA013|BERCY -CHARENTON|28/12/2016|P.L.S.|25|NON BLANCS|2512|MARQUES NATIONALES|YAOURTS A BOIRE|25123|5760466995894|220ML STARBUCKS CARA MACCHIATO|10|ECART D'INVENTAIRE|3||3.78
FRA215|VILLENEUVE LA GARENN|31/12/2016|BOUCHERIE VOLAILLE|24|GIBIER A POIL|2443|MARQUES NATIONALES|BICHE|24432|3291980354819|KG CERF ROTI FOIE GRAS S.FORES|10|ECART D'INVENTAIRE|.41|.8|8.036
FRA085|PORT DE BOUC|31/12/2016|P.L.S.|25|CREMES ET SAUCES|2520|MARQUE PROPRE|CREME FRAICHE EPAISSE ALLEGEE|25201|3270190020875|50CL SPEC.LAIT.CRE 15%MG CRF|10|ECART D'INVENTAIRE|2||1.46
FRA097|SETE -BALARUC|31/12/2016|BOUCHERIE VOLAILLE|24|MATIERE PREMIERE ACHAT LS|2494|MARQUES NATIONALES|MATIERE 1ERE ABATS LS|24949|3276556224475|AGN CERVELLE PIECE|10|ECART D'INVENTAIRE|18.4|.5|239.568
FRA112|TOURVILLE LA RIVIERE|31/12/2016|P.L.S.|25|TARTINABLES ET BLINIS|2564|MARQUE PROPRE|AUTRES PRODUITS A TARTINER|25641|3560071010508|180G TZATZIKI EXTRA CARREFOUR|10|ECART D'INVENTAIRE|-1|.18|-1.05
FRA106|ST QUENTIN EN YVELIN|29/12/2016|P.L.S.|25|SANTE ACTIVE|2513|MARQUES NATIONALES|BIFIDUS NATURE A BOIRE|25137|3033490859206|10X100G ACTIMEL NATURE SUCRE|10|ECART D'INVENTAIRE|2||7.2
FRA352|SANNOIS|31/12/2016|FRUITS ET LEGUMES|22|FRUITS SECS CONDITIONNES|2251|MARQUES NATIONALES|FS COQUE CONDITIONNE|22512|3270720005792|200G PISTACHE IRAN G.SALE DACO|10|ECART D'INVENTAIRE|4|.2|11.96
FRA028|CHATEAUNEUF LES MART|30/12/2016|P.L.S.|25|BEURRE|2521|MARQUE PROPRE|BEURRE MOULE DEMI-SEL|25215|3560071059262|250G BEURRE BOURRICHE 1/2S CRF|10|ECART D'INVENTAIRE|16|.25|27.2
FRA332|LIMAY|31/12/2016|BOULANGERIE/PATISSERIE|23|CHOCOLATS MAISON|2330|MARQUES NATIONALES|DIVERS CHOCOLATS|23304|3297880000221|COFFRET X25 PLAISIR CHOCOLAT|10|ECART D'INVENTAIRE|3|.23|16.38
FRA057|LILLE|29/12/2016|P.L.S.|25|HALAL ET CASHER|2545|MARQUES NATIONALES|HALAL|25450|4018342195281|200G SAUCISON VOL.F.HERB HALAL|10|ECART D'INVENTAIRE|13|.2|11.57
FRA046|HEROUVILLE ST CLAIR|31/12/2016|BOULANGERIE/PATISSERIE|23|EMBALLAGE BOUL/PATE|2391|MARQUES NATIONALES|ETIQUETTES BOULANG/PATISS.|23911|3597283160363|24000 STICKER 4 EUROS R23|10|ECART D'INVENTAIRE|3||63.57
FRA119|VITROLLES|30/12/2016|P.L.S.|25|PATES FRAICHES|2503|MARQUES NATIONALES|TARTINABLES AROMATISES|25031|3175460030090|150G BOURSIN FIGUE ET NOIX|10|ECART D'INVENTAIRE|12|.15|20.28
FRA050|LABEGE|31/12/2016|P.L.S.|25|VIANDES SURGELEES|2585|MARQUES NATIONALES|VIANDE, GIBIER, VOLAIL NATUR|25853|3760197635054|1KG SUPREMES VOLAILLE FARCIS|10|ECART D'INVENTAIRE|1|1|26.51
FRA109|TOULON -GRAND VAR|30/12/2016|P.L.S.|25|BOISSONS|2516|MARQUES NATIONALES|JUS DE FRUITS REFRIGERES|25160|3036811460044|1L POIREAUX PDT CREME LIEBIG|10|ECART D'INVENTAIRE|-4||-12.04
FRA359|VANNES|31/12/2016|CHARCUT.TRAITEUR|20|PATES|2003|MARQUE PROPRE|PATE DE VOLAILLE|20036|3268681129008|KG TERRINE DE CANARD|10|ECART D'INVENTAIRE|1.161|3.2|8.219
FRA359|VANNES|31/12/2016|BOULANGERIE/PATISSERIE|23|MATIERE 1ERE BOUL/PATE|2392|MARQUES NATIONALES|PRODUITS FRAIS BOUL/PATISS.|23923|3760234313624|BTX72 BOUTEILLE CHAMPENOISE|10|ECART D'INVENTAIRE|10||45.7
FRA212|AUBERVILLIERS|31/12/2016|CHARCUT.TRAITEUR|20|CHARCUTERIE LS INDUSTRIEL|2011|MARQUES NATIONALES|SAUCISSONS SEC LS|20116|3608568690397|300G BOUD.BLANCS ST JACQUES X3|10|ECART D'INVENTAIRE|2|.3|6.74
FRA336|MONDEVILLE|31/12/2016|P.L.S.|25|TARTES SALEES SURGELEES|2581|MARQUES NATIONALES|PIZZAS|25810|4001724020394|370G ARRABBIATA RISTORANTE|10|ECART D'INVENTAIRE|-2|.37|-4.46
FRA332|LIMAY|31/12/2016|BOULANGERIE/PATISSERIE|23|PATISSERIE SECHE|2320|MARQUES NATIONALES|PATISSERIE SECHE|23201|3533950000617|4X70G GAUFRE BRUXELLES BLISTER|10|ECART D'INVENTAIRE|12|.28|14.04
FRA055|LESCAR|31/12/2016|P.L.S.|25|LAIT|2524|MARQUES NATIONALES|LAIT UHT 1/2 ECREME|25243|3597240002972|BRK LAIT1/2 PROD MONTLAIT APLM|10|ECART D'INVENTAIRE|12||8.04
FRA329|LAON|31/12/2016|FRUITS ET LEGUMES|22|SALADE FRUIT COND.4E/5E GAMME|2247|MARQUES NATIONALES|SALADE DE FRUITS CONDITIONNEES|22470|3280221105150|350G SALADE FRTS SAISON FLOR.|10|ECART D'INVENTAIRE|4|.35|11.16
FRA065|MONACO|31/12/2016|BOULANGERIE/PATISSERIE|23|MATIERE 1ERE BOUL/PATE|2392|MARQUE PROPRE|PRODUITS SURGELE BOUL/PATISS.|23924|3355710000374|250G TARTE SUCRE 24 CM|10|ECART D'INVENTAIRE|-77|.25|-90.86
FRA042|GENNEVILLIERS|31/12/2016|FRUITS ET LEGUMES|22|SALADE 4EME/5EME GAMME|2240|MARQUE PROPRE|SACHET MONOVARIETES|22400|3245413152527|300G LAITUE ICEBERG CRF|10|ECART D'INVENTAIRE|-3|.3|-1.71
FRA336|MONDEVILLE|31/12/2016|BOULANGERIE/PATISSERIE|23|MATIERE 1ERE BOUL/PATE|2392|MARQUE PROPRE|PRODUITS SURGELE BOUL/PATISS.|23924|3245413538895|750G GALETTE POMMES D28CM CRF|10|ECART D'INVENTAIRE|24|.75|42.96
FRA050|LABEGE|31/12/2016|BOUCHERIE VOLAILLE|24|VIANDE PRET A MANGER|2467|MARQUES NATIONALES|VDE BOEUF CUITE TRANCHEE|24674|8594055300151|25GR JERKY CHICKEN|10|ECART D'INVENTAIRE|3|.025|4.17
FRA190|LA CHAPELLE ST LUC 2|31/12/2016|FRUITS ET LEGUMES|22|LEGUMES A CUIRE VRACS|2223|MARQUES NATIONALES|TOMATES VRAC|22234|3276550299813|KG TOMATE CERISE AL ORANGE FR|10|ECART D'INVENTAIRE|8|4|20.64
FRA106|ST QUENTIN EN YVELIN|29/12/2016|P.L.S.|25|PATES FRAICHES|2503|MARQUES NATIONALES|TARTINABLES NATURE|25030|3272770096850|400G SAINT MORET|10|ECART D'INVENTAIRE|1|.4|3.7
FRA332|LIMAY|31/12/2016|P.L.S.|25|LAIT ENTIER ET SPECIALITES|2511|MARQUES NATIONALES|SPECIALITES A BASE DE YAOURT|25111|3023291122005|4X150G YAOURT A LA GRECQ.NATUR|10|ECART D'INVENTAIRE|5|.6|9.7
FRA117|VILLEURBANNE|31/12/2016|CHARCUT.TRAITEUR|20|PRODUITS FESTIFS|2027|MARQUES NATIONALES|CAVIAR|20270|3392070011756|3 X10G COFF INITIATION CAVIAR|10|ECART D'INVENTAIRE|1|.03|24
FRA215|VILLENEUVE LA GARENN|30/12/2016|P.L.S.|25|LEGUMES SURGELES|2586|MARQUES NATIONALES|FRITES|25868|8710438101614|180 G FRIT'UP MC CAIN|10|ECART D'INVENTAIRE|4|.18|5.2
FRA114|VENETTE|31/12/2016|FRUITS ET LEGUMES|22|LEGUMES EXOTIQUES VRACS|2212|MARQUES NATIONALES|LEG.EXOT.PERMANENTS VRAC|22120|3276554176295|PIMENT ANTILLAIS|10|ECART D'INVENTAIRE|5.325|5|41.215
FRA050|LABEGE|31/12/2016|CHARCUT.TRAITEUR|20|ENTREES CHAUDES LS INDUS.|2035|MARQUE PROPRE|BOUCHEES LS INDUSTRIEL|20353|3560070515509|300G BOUCHEES REINE X2 CRF|10|ECART D'INVENTAIRE|-8|.3|-11.52
FRA094|SARAN|31/12/2016|BOULANGERIE/PATISSERIE|23|GRANDE PIECES|2322|MARQUES NATIONALES|BUCHES 20 & 30 CM|23227|3276550194309|BUCHE CHOCOLAT MANDARINE 8/10|10|ECART D'INVENTAIRE|-61||-252.54
FRA215|VILLENEUVE LA GARENN|30/12/2016|P.L.S.|25|PAIN INDUSTRIEL|2570|MARQUE PROPRE|SPECIALITES ETRANGERES|25705|3560070962211|250G FOCACCIA AIL ROMARIN CRF|10|ECART D'INVENTAIRE|-5|.25|-6.2
FRA208|FRANCHEVILLE|31/12/2016|P.L.S.|25|ENTREES TRAITEUR|2550|MARQUES NATIONALES|SNACKING|25502|3242274003050|320G SLDE ROMA JBN TOM MOZZA S|10|ECART D'INVENTAIRE|1|.32|3.07
FRA096|SENS -MAILLOT|31/12/2016|CHARCUT.TRAITEUR|20|ECONOMAT CHARCUTERIE|2092|MARQUES NATIONALES|SACS CHARCUTERIE|20920|3231070063276|BTE TRAITEUR RECEPTION 35X25X8|10|ECART D'INVENTAIRE|1||20.93
FRA072|NANTES -BEAULIEU|29/12/2016|P.L.S.|25|VIENNOISERIE|2571|MARQUES NATIONALES|PAIN AU LAIT,BRIOCHETTE NATURE|25712|3256540035119|500G TRESSEE TR.NAT.PASQUIER|10|ECART D'INVENTAIRE|2|.5|3.3
FRA119|VITROLLES|30/12/2016|P.L.S.|25|SAUCISSON/PATES/RILLETTES|2542|MARQUES NATIONALES|FOIE GRAS|25424|3436590083364|180GR BLOC DE FOIE GRAS HALAL|10|ECART D'INVENTAIRE|2|.18|13.52
FRA064|MERIGNAC|31/12/2016|CHARCUT.TRAITEUR|20|PATES MOLLES|2050|MARQUES NATIONALES|SPECIALITE CROUTE FLEURIE|20502|3263091001371|KG BRILLAT SAVARIN AFFINE LIN|10|ECART D'INVENTAIRE|-1.151|.5|-8.977
FRA019|COQUELLES|27/12/2016|P.L.S.|25|DECOUPE DE VOLAILLES|2531|MARQUES NATIONALES|DECOUPES DE CANARD|25312|3700057806699|KG MAGRET CND X3 SALAIS. FR|10|ECART D'INVENTAIRE|1.507|1.08|19.756
FRA328|LA VILLE DU BOIS|31/12/2016|BOUCHERIE VOLAILLE|24|VIANDES BOVINE BIO|2400|MARQUE PROPRE|VDE BOV.BIO A GRILLER,A POELER|24001|3245415327305|FAUX FILET***A GRILLER X1 BIO|10|ECART D'INVENTAIRE|4.287|.14|75.536
FRA013|BERCY -CHARENTON|28/12/2016|P.L.S.|25|PLATS CUISINES FRAIS|2553|MARQUES NATIONALES|SUBSTITUTS DE VIANDE|25538|3259011033911|200G PALETS SOJA/TOM/HERB BIO|10|ECART D'INVENTAIRE|3|.2|8.04
FRA019|COQUELLES|27/12/2016|P.L.S.|25|FROMAGES A CUIRE ET FONDUS|2505|MARQUES NATIONALES|TRANCHETTES|25052|3032220061193|200G 12T CROQUE EMMENTAL PRESI|10|ECART D'INVENTAIRE|-34|.2|-36.72
FRA351|ST PIERRE DES CORPS|31/12/2016|P.L.S.|25|LAIT|2524|MARQUES NATIONALES|LAIT FRAIS|25240|3252214970045|BLE 1L LT PASTEURISE BIO 1/2EC|10|ECART D'INVENTAIRE|-10||-10.6
FRA119|VITROLLES|31/12/2016|BOULANGERIE/PATISSERIE|23|BRIOCHES|2311|MARQUE PROPRE|GROSSES BRIOCHES|23110|3276550374329|500G POGNE DE ROMANS|10|ECART D'INVENTAIRE|-18|1|-40.32
FRA190|LA CHAPELLE ST LUC 2|31/12/2016|BOUCHERIE VOLAILLE|24|SBI PORC|2464|MARQUE PROPRE|SBI PORC VIANDE CRUE PREPAREE|24642|3245415521635|300G EMINCES DE PORC CRF|10|ECART D'INVENTAIRE|-1|.3|-2.17
FRA190|LA CHAPELLE ST LUC 2|31/12/2016|BOULANGERIE/PATISSERIE|23|AUTRES VIENNOISERIES|2312|MARQUES NATIONALES|CHAUSSONS/PAINS RAISINS|23120|3522876005004|95G BRETZEL SALE 0%P|10|ECART D'INVENTAIRE|83|.095|10.79
FRA336|MONDEVILLE|31/12/2016|P.L.S.|25|LAIT|2524|MARQUES NATIONALES|LAIT UHT AROMATISE|25244|3428274120045|BK 4X20CL MAX AROM.CHOC.LACTEL|10|ECART D'INVENTAIRE|3||4.2
FRA406|ST LO|31/12/2016|P.L.S.|25|LEGUMES SURGELES|2586|MARQUES NATIONALES|PUREES|25866|3083681066845|780G PUR.DELICE VERT BONDUELLE|10|ECART D'INVENTAIRE|-6|.78|-14.7
FRA094|SARAN|31/12/2016|FRUITS ET LEGUMES|22|FRUITS BIOLOGIQUES CONDITIONNE|2231|MARQUE PROPRE|FRUITS/PEPIN BIO CONDIT.|22313|3276550063551|BQ 4 FRT POMME JAUN BIO CRF FR|10|ECART D'INVENTAIRE|-1|.5|-1.6
FRA051|LATTES|01/12/2016|BOUCHERIE VOLAILLE|24|EMBALLAGE BOUCHERIE|2491|MARQUES NATIONALES|BARQUETTES BOUCHERIE|24913|3244690131744|210 BARQ.PS 5V ABS.BLC|10|ECART D'INVENTAIRE|5||102.15
FRA357|UZES|01/12/2016|BOULANGERIE/PATISSERIE|23|INDIVIDUELLES|2323|MARQUE PROPRE|PARTS DE GATEAUX|23233|3276550822868|FRAISIER X2|10|ECART D'INVENTAIRE|1||2.21
FRA401|RETHEL|01/12/2016|BOULANGERIE/PATISSERIE|23|PETITS PAINS|2303|MARQUE PROPRE|PETITS PAINS BLANCS|23030|3276550564249|PETITS PAINS X6|10|ECART D'INVENTAIRE|1|.3|.18
FRA121|PAIMPOL|01/12/2016|CHARCUT.TRAITEUR|20|CUISINES DU MONDE|2037|MARQUES NATIONALES|ASIE|20370|3366760029505|4X65G NEM POULET + SAUCE|10|ECART D'INVENTAIRE|-2|.28|-4.02
FRA339|MONTIGNY LES CORMEIL|01/12/2016|FRUITS ET LEGUMES|22|FRUITS SECS CONDITIONNES|2251|MARQUE PROPRE|FS AIDE PATISSERIE CONDITIONNE|22513|3560071034665|150G SACH.AMANDES EFFILEES CRF|10|ECART D'INVENTAIRE|-2|.15|-3.54
FRA108|STE GENEVIEVE DES BO|01/12/2016|FRUITS ET LEGUMES|22|LEGUMES A CUIRE VRACS|2223|MARQUES NATIONALES|CHOU VRAC|22230|3276551604593|PCE CHOU BLANC FR X6|10|ECART D'INVENTAIRE|18||15.66
FRA204|SEGNY|01/12/2016|FRUITS ET LEGUMES|22|FRUITS A PEPIN VRACS|2206|MARQUES NATIONALES|POMMES VRACS|22060|3276550229841|KG POM ARIANE FR 7KG|10|ECART D'INVENTAIRE|-71.09|7|-87.4407
FRA015|LIMOGES -BOISSEUIL|01/12/2016|BOUCHERIE VOLAILLE|24|HACHE BOEUF BARQUETTE|2415|MARQUE PROPRE|HACHE BF SBH 5%MG|24150|3245415074056|3X125G STEAK HACHE 5% CRF|10|ECART D'INVENTAIRE|3|.37|9.21
FRA047|L'ISLE D'ABEAU|01/12/2016|BOULANGERIE/PATISSERIE|23|TARTES|2321|MARQUE PROPRE|AUTRES TARTES SPECIFIQUES|23213|3276550576600|FLAN 6 PARTS|01|CASSE|2||4.26
FRA316|CHERBOURG|01/12/2016|CHARCUT.TRAITEUR|20|SALADES LS INDUSTRIELLE|2033|MARQUES NATIONALES|SALADES VIANDE VOLAILLE LS|20332|3700009201961|300G CERVELAS SCE.REMOULAD.MIX|10|ECART D'INVENTAIRE|2|.3|4.34
FRA347|ST BRICE S/S FORET|01/12/2016|CHARCUT.TRAITEUR|20|PATES PRESSES NON CUITES|2055|MARQUE PROPRE|RACLETTE|20557|3245390081230|KG RACLETTE MEULE LAIT CRU RDF|10|ECART D'INVENTAIRE|-13.45|6.7|-87.156
FRA054|LES ULIS|01/12/2016|FRUITS ET LEGUMES|22|PRODUIT CUIT 4E/5E GAMME|2243|MARQUES NATIONALES|SOUPES DE LEGUMES|22433|3490211000017|BLE 98.5CL SOUPE 5 LEGUMES|10|ECART D'INVENTAIRE|-6||-12
FRA058|LOMME|01/12/2016|BOULANGERIE/PATISSERIE|23|INDIVIDUELLES|2323|MARQUE PROPRE|PARTS DE GATEAUX|23233|3276550822868|FRAISIER X2|10|ECART D'INVENTAIRE|-65||-69.55
FRA337|MONT ST AIGNAN|01/12/2016|CHARCUT.TRAITEUR|20|STAND ANIM CHARC-TRAITEUR|2060|MARQUES NATIONALES|ANIMATION PAYS EUROPE/SUD|20603|8032804631632|250G TARALLI AIL ET PIMENT|10|ECART D'INVENTAIRE|1|.25|1.4
FRA039|EVREUX|01/12/2016|FRUITS ET LEGUMES|22|LEGUMES A CUIRE CONDITIONNE|2224|MARQUES NATIONALES|KIT PREPARATION CONDITIONNES|22249|3276558927602|BQ 1KG POTAGE DU MARCHE FR|10|ECART D'INVENTAIRE|3|1|6
FRA323|MARSEILLE -GD LITTO|01/12/2016|BOULANGERIE/PATISSERIE|23|PATISSERIE SECHE|2320|MARQUE PROPRE|PETITS FOURS|23202|3276550564447|MACARON X18 ASSORT 1|01|CASSE|1||3.78
FRA345|QUIMPER|01/12/2016|BOULANGERIE/PATISSERIE|23|INDIVIDUELLES|2323|MARQUE PROPRE|PARTS DE GATEAUX|23233|3276556816410|CROUSTILLANT CHOCO LAIT X2|10|ECART D'INVENTAIRE|-58|1|-52.2
FRA039|EVREUX|01/12/2016|BOULANGERIE/PATISSERIE|23|MATIERE 1ERE BOUL/PATE|2392|MARQUES NATIONALES|DIVER MAT.PREM.TVA 5,5|23926|3460424010448|PCE PATE AUX NOIX 900G|10|ECART D'INVENTAIRE|8|.9|45.28
FRA331|LIBOURNE|01/12/2016|CHARCUT.TRAITEUR|20|PATES PRESSES NON CUITES|2055|MARQUES NATIONALES|PATE PRES NON CUITE SAVOIE|20552|3294589438904|230G 1/2REBLOCHON PRIX ROND|10|ECART D'INVENTAIRE|27|.23|53.73
FRA302|AMIENS|01/12/2016|CHARCUT.TRAITEUR|20|SALADES LS INDUSTRIELLE|2033|MARQUES NATIONALES|SALADES CRUDITE LS INDUS|20330|3700009262504|280G SALADE POULET ROTI OEUF|10|ECART D'INVENTAIRE|-2|.28|-7.96
FRA010|AVIGNON|01/12/2016|BOULANGERIE/PATISSERIE|23|EMBALLAGE BOUL/PATE|2391|MARQUES NATIONALES|SACHET BOULANG/PATISS.|23910|3231070018139|500S.PAVE LABEL RG.1K ENTIER|10|ECART D'INVENTAIRE|-2||-46.48
FRA321|FECAMP|01/12/2016|BOUCHERIE VOLAILLE|24|VEAU BIO|2402|MARQUES NATIONALES|VEAU BIO A ESCALOPE|24020|3423312090144|KG VE ESCALOPE** BIO X2|10|ECART D'INVENTAIRE|0|.24|0
FRA363|WASQUEHAL|01/12/2016|CHARCUT.TRAITEUR|20|PATES PERSILLEES|2051|MARQUE PROPRE|FOURMES|20511|3245412468377|KG FOURME AMBERT FQC|10|ECART D'INVENTAIRE|-6.22|2.4|-40.43
FRA108|STE GENEVIEVE DES BO|01/12/2016|POISSONNERIE|21|CRUSTACE STAND|2120|MARQUES NATIONALES|CRUSTACE CUIT|21202|3276550310273|TOURTEAU CUIT FRAIS 0,6/+KG|10|ECART D'INVENTAIRE|-1.01|5|-7.5043
FRA401|RETHEL|01/12/2016|CHARCUT.TRAITEUR|20|CHARCUTERIE LS INDUSTRIEL|2011|MARQUES NATIONALES|SALAISON LS INDUSTRIEL|20115|3483000480077|200G PATE TRADITION ARDENNES|20|DONS AUX ASSOCIATIONS|3|.2|6.06
FRA302|AMIENS|01/12/2016|CHARCUT.TRAITEUR|20|P.FRAICHE,FONDU ET ALLEGE|2053|MARQUES NATIONALES|PATE FRAICH ET FONDU NAT.|20530|8006791000283|250G MOZZARELLA TRESSE|01|CASSE|1|.25|2.13
FRA054|LES ULIS|01/12/2016|BOUCHERIE VOLAILLE|24|HACHE BOEUF BARQUETTE|2415|MARQUE PROPRE|HACHE BF SBH 15%MG|24152|3245415664899|X2 STEAK HACHE SPEC.BURGER CRF|10|ECART D'INVENTAIRE|3|.22|3.51
FRA031|CRETEIL|01/12/2016|FRUITS ET LEGUMES|22|FRUITS EXOTIQUE VRACS|2210|MARQUES NATIONALES|KIWI VRAC|22102|3523680342040|PCE KIWI JAUNE CEEX74|10|ECART D'INVENTAIRE|-338||-91.26
FRA210|VAULX EN VELIN|01/12/2016|BOULANGERIE/PATISSERIE|23|PETITS PAINS|2303|MARQUE PROPRE|PETITS PAINS SPEC.SUCRES|23033|3276550564805|DEJEUNETTE VIENNOISE X2 125G|10|ECART D'INVENTAIRE|-50|.25|-13
FRA056|LIEVIN|01/12/2016|EPICERIE|14|GOUTERS|1412|MARQUE PROPRE|GOUTERS FOURRES|14121|3270190110286|330G SUP.FOUR.RD VANI.CRF KIDS|16|AUTRES RECALAGE|-44|.33|-23.76
FRA309|BRIVE LA GAILLARDE|01/12/2016|FRUITS ET LEGUMES|22|PRODUIT CUIT 4E/5E GAMME|2243|MARQUES NATIONALES|POMMES DE TERRE CUITES|22431|3227291011196|750G PDT ROBES DES CHAMP.LUNOR|10|ECART D'INVENTAIRE|-1|.75|-1.6
FRA340|OLLIOULES|01/12/2016|POISSONNERIE|21|POISSON TRANSFORME L.S.|2105|MARQUES NATIONALES|SAUCES POUR LE POISSON|21055|3368270074556|SCT SAUCE BEURRE BLANC 200G X6|10|ECART D'INVENTAIRE|1|.2|1.24
FRA091|RENNES -CESSON|01/12/2016|BOULANGERIE/PATISSERIE|23|MATIERE 1ERE BOUL/PATE|2392|MARQUES NATIONALES|DIVER MAT.PREM.TVA 19,6|23927|3614680216490|BTE X70 DECORS CN JOYEUSES FET|10|ECART D'INVENTAIRE|-19|.182|-158.65
FRA404|BEAUNE|01/12/2016|P.L.S.|25|CHARCUTERIE A CUIRE|2544|MARQUE PROPRE|SAUCISSE FRANCFORT/STRASBOURG|25444|3270190207290|140G KNACKS X4  CRF|10|ECART D'INVENTAIRE|-18|.14|-6.12
FRA005|ANGOULINS|01/12/2016|CHARCUT.TRAITEUR|20|ENTREES FROIDES LS INDUS.|2034|MARQUES NATIONALES|FOIE GRAS LS INDUSTRIEL|20345|3113010136335|280G BLFG.CAN.50%MX.SEL.GUE.|10|ECART D'INVENTAIRE|-3|.28|-55.11
FRA305|AUCHY LES MINES|01/12/2016|CHARCUT.TRAITEUR|20|JAMBON CUIT|2000|MARQUE PROPRE|JAMBON CUIT SUPERIEUR DD|20001|3245412147180|KG JBN SUP TORCHON DD CRF FQC|10|ECART D'INVENTAIRE|1.25|7.5|6.3125
FRA089|REIMS -TINQUEUX|01/12/2016|CHARCUT.TRAITEUR|20|CHEVRES/BREBIS|2052|MARQUES NATIONALES|CHEVRE FRAIS|20520|3273220012109|200G PETIT BILLY|10|ECART D'INVENTAIRE|1.84|.2|3.9744
FRA073|NANTES -ST HERBLAIN|01/12/2016|BOUCHERIE VOLAILLE|24|DECOUPE VOLAILLE COUPE|2471|MARQUES NATIONALES|DECOUPE POULET COUPE|24711|3230890759147|BQ PILON PLT CER JNE S/A S.BOU|20|DONS AUX ASSOCIATIONS|1.01|1|4.343
FRA058|LOMME|01/12/2016|FRUITS ET LEGUMES|22|LEGUMES SECS CONDITIONNES|2253|MARQUES NATIONALES|HARICOTS CONDITIONNES|22530|3276555025516|FLT 500G LINGOT BLANC IMP|10|ECART D'INVENTAIRE|4|.5|5.72
FRA100|ST ANDRE LES VERGERS|01/12/2016|P.L.S.|25|PLATS CUISINES FRAIS|2553|MARQUES NATIONALES|LEGUME D'ACCOMPAGNEM./GRATIN|25536|3302744121025|280G GRATIN CHOUX FLEUR JBN FM|16|AUTRES RECALAGE|9|.28|28.08
FRA075|NICE -TNL|01/12/2016|BOUCHERIE VOLAILLE|24|MATIERE PREMIERE ACHAT CPE|2495|MARQUES NATIONALES|MATIERE 1ERE VEAU NORMAL CPE|24953|3276557857344|VE S/MERE 1/2 SP TRAD LR|10|ECART D'INVENTAIRE|117.44|55|1586.61
FRA401|RETHEL|01/12/2016|CHARCUT.TRAITEUR|20|PATES PRESSES CUITES|2054|MARQUES NATIONALES|BEAUFORT|20542|3294583173177|KG BEAUFOR.1/4MEUL.AOP P.PERCE|10|ECART D'INVENTAIRE|.16|10|2.3936
FRA014|BESANCON -CHALEZEULE|01/12/2016|BOUCHERIE VOLAILLE|24|MATIERE PREMIERE ACHAT LS|2494|MARQUE PROPRE|MATIERE 1ERE PORC FQC LS|24946|3276556188333|PORC POITRINE 4 FACES FQC|10|ECART D'INVENTAIRE|-1.55|3.4|-5.58
FRA313|CHATEAUROUX|01/12/2016|BOULANGERIE/PATISSERIE|23|PATISSERIE SECHE|2320|MARQUES NATIONALES|PATE JAUNE|23200|3336413246801|176 GR 8 PANCAKES PUR BEURRE|10|ECART D'INVENTAIRE|4|.176|4.08
FRA042|GENNEVILLIERS|01/12/2016|P.L.S.|25|JAMBON CRU, SEC ET TRANCHAGE|2541|MARQUES NATIONALES|CHARCUTERIE TRANCHEE|25411|3483190000970|10X BACON DE PORC BIO 100G|01|CASSE|1|.1|2.14
FRA345|QUIMPER|01/12/2016|BOUCHERIE VOLAILLE|24|SAUCISSE BIO|2405|MARQUE PROPRE|SAUCISSE BIO CHAIR ET FARCE|24053|3245414727212|375G SAUCIS.TOULOUS BIO CRF AG|10|ECART D'INVENTAIRE|1|.375|3.04
FRA069|MOULINS|01/12/2016|BOULANGERIE/PATISSERIE|23|MATIERE 1ERE BOUL/PATE|2392|MARQUES NATIONALES|FARINE BLANCHE BOUL/PATISS.|23920|3760049160017|KG FARINE CONV VRAC T65|10|ECART D'INVENTAIRE|1500|1|555
FRA062|MARSEILLE -MERLAN|01/12/2016|POISSONNERIE|21|GROS POISSON STAND|2111|MARQUES NATIONALES|GROS POISSON PAC STAND|21113|3000000106099|QUEUE DE LOTTE|10|ECART D'INVENTAIRE|2.32|1|36.3544
FRA006|ANNECY|01/12/2016|P.L.S.|25|LEGUMES SURGELES|2586|MARQUES NATIONALES|POTAGES|25867|3599741000426|600G SOUPE POTIRON FROMAGE|10|ECART D'INVENTAIRE|6|.6|13.56
FRA200|ORANGE|01/12/2016|FRUITS ET LEGUMES|22|FRUITS SECS CONDITIONNES|2251|MARQUES NATIONALES|FRUITS SECS CORBEILLES|22516|3270720010000|875G CORB.CUEILLET.DACO BELLO|10|ECART D'INVENTAIRE|3|.875|35.4
FRA336|MONDEVILLE|01/12/2016|CHARCUT.TRAITEUR|20|PLATS CUISINES|2038|MARQUES NATIONALES|BASE PATE|20383|8059070740929|300G RISOTTO SAFRAN ET SPECK|03|DLC|5|.3|13.75
FRA317|CHOLET|01/12/2016|CHARCUT.TRAITEUR|20|CHEVRES/BREBIS|2052|MARQUES NATIONALES|TOMMES BREBIS PYRENEES|20523|3575883471805|KG CHEVRE BREBIS AGOUR|10|ECART D'INVENTAIRE|.09|4.5|1.2402
FRA340|OLLIOULES|01/12/2016|CHARCUT.TRAITEUR|20|APERIT.LEGUM MARI LS IND.|2032|MARQUES NATIONALES|PRODUITS APERITIFS LS INDUS|20320|3701082500002|110G RILLETTES PUR CANARD|10|ECART D'INVENTAIRE|5|.11|15.1
FRA120|GUINGAMP|01/12/2016|FRUITS ET LEGUMES|22|FRUITS SECS VRACS|2250|MARQUES NATIONALES|FRUITS SECS A COQUE VRAC|22502|3276550147794|KG AMANDE SECHE CEE 5KG|10|ECART D'INVENTAIRE|.5|5|2.355
FRA404|BEAUNE|01/12/2016|P.L.S.|25|LAIT ENTIER ET SPECIALITES|2511|MARQUES NATIONALES|SPECIALITES A BASE DE YAOURT|25111|3523230014267|4X125G YAOURT NAT.LAIT CHEVRE|10|ECART D'INVENTAIRE|1|.5|2.32
FRA401|RETHEL|01/12/2016|FRUITS ET LEGUMES|22|FRUITS SECS CONDITIONNES|2251|MARQUES NATIONALES|FS AIDE PATISSERIE CONDITIONNE|22513|3270727500054|75G CERNEAUX DE NOIX TUBOS|10|ECART D'INVENTAIRE|4|.075|3.76
FRA092|ROSNY S/S BOIS|01/12/2016|BOUCHERIE VOLAILLE|24|PORC STD|2424|MARQUE PROPRE|PORC STD A GRILLER, A POELER|24241|3276551457700|PC  ESCALOPE x1|01|CASSE|.6|1|1.566
FRA071|NANTES -BEAUJOIRE|01/12/2016|BOULANGERIE/PATISSERIE|23|MATIERE 1ERE BOUL/PATE|2392|MARQUES NATIONALES|DIVER MAT.PREM.TVA 19,6|23927|3614680216490|BTE X70 DECORS CN JOYEUSES FET|10|ECART D'INVENTAIRE|-10|.182|-83.5
FRA091|RENNES -CESSON|01/12/2016|POISSONNERIE|21|POISSON TRANSFORME L.S.|2105|MARQUES NATIONALES|POISSON TRANSFORME LS|21053|3175690390100|BQ F ANCHOIS AIL 250G X10|10|ECART D'INVENTAIRE|-5|.25|-17.05
FRA333|L'ISLE ADAM|01/12/2016|BOULANGERIE/PATISSERIE|23|PATISSERIE SECHE|2320|MARQUE PROPRE|PETITS FOURS|23202|3276550564447|MACARON X18 ASSORT 1|01|CASSE|3||10.77
FRA035|DRANCY|01/12/2016|FRUITS ET LEGUMES|22|FRUITS SECS VRACS|2250|MARQUES NATIONALES|FRUITS SECS A COQUE VRAC|22502|3276550147794|KG AMANDE SECHE CEE 5KG|10|ECART D'INVENTAIRE|4.73|5|22.2783
FRA077|NIMES -OUEST|01/12/2016|BOUCHERIE VOLAILLE|24|PORC STD|2424|MARQUE PROPRE|PORC STD A BOUILLIR, SAUTE|24242|3245415640237|240G PC ECHINE S/OS X4 CRF|10|ECART D'INVENTAIRE|-4|.24|-7.24
FRA338|MONTEREAU|01/12/2016|BOUCHERIE VOLAILLE|24|ABATS|2441|MARQUES NATIONALES|ABATS CAISSETTE BOEUF|24414|3273230408268|560G VB FOIE TR X4 PR|10|ECART D'INVENTAIRE|-1|.56|-2.2
FRA352|SANNOIS|01/12/2016|P.L.S.|25|PRE EMBALLES|2506|MARQUE PROPRE|HOLLANDE|25060|3560070953929|220G GOUDA PORT NH CARREFOUR|01|CASSE|1|.22|1.36
FRA116|VILLABE|01/12/2016|FRUITS ET LEGUMES|22|CRUDITE 4EME/5EME GAMME|2241|MARQUES NATIONALES|CRUDITE COMPOSEE|22411|3280220905157|350G CHAMPIGNONS DE PARIS BRUN|10|ECART D'INVENTAIRE|3|.35|6.27
FRA037|EPINAL -JEUXEY|01/12/2016|BOUCHERIE VOLAILLE|24|VIANDE HEBDOPACK|2460|MARQUES NATIONALES|VIANDE HEBDOPACK VIANDE HACHEE|24605|3181232220347|2X130G STK HACH.GD CRU 12% VBF|01|CASSE|1|.26|2.83
FRA003|ANGERS -ST SERGE|01/12/2016|FRUITS ET LEGUMES|22|FRUITS EXOTIQUE CONDITIONNES|2211|MARQUES NATIONALES|AUTRE FRUITS EXOTIQUE CONDIT.|22114|3276555375314|FLT 500G CITRON VERT IMP|10|ECART D'INVENTAIRE|-27|.5|-25.92
FRA357|UZES|01/12/2016|FRUITS ET LEGUMES|22|CRUDITE 4EME/5EME GAMME|2241|MARQUES NATIONALES|CRUDITE COMPOSEE|22411|3280220905157|350G CHAMPIGNONS DE PARIS BRUN|10|ECART D'INVENTAIRE|-8|.35|-16.72
FRA058|LOMME|01/12/2016|P.L.S.|25|VIANDES SURGELEES|2585|MARQUES NATIONALES|VOLAILLE PANEE|25852|3230890843952|270G AIGUL PLT CROS COOKBOX MC|01|CASSE|1|.27|3.08
FRA039|EVREUX|01/12/2016|BOULANGERIE/PATISSERIE|23|PATISSERIE SECHE|2320|MARQUES NATIONALES|PETITS FOURS|23202|3286790108660|MIGNARDISES ASSORTIES|10|ECART D'INVENTAIRE|-15|.25|-64.2
FRA051|LATTES|01/12/2016|P.L.S.|25|DESSERTS|2510|MARQUES NATIONALES|DESSERTS PATISSIERS|25102|5060425280659|50G CREME CASSIS/VIOL S/FRAMB|20|DONS AUX ASSOCIATIONS|5|.05|5.9
FRA066|MONTESSON|01/12/2016|CHARCUT.TRAITEUR|20|CHARCUTERIE LS INDUSTRIEL|2011|MARQUE PROPRE|SALAIS SAUCIS CUIT LS IND|20112|3245414081277|250G SAUCIS.AIL ANCIEN.FUM.CRF|10|ECART D'INVENTAIRE|-34|.25|-42.84
FRA039|EVREUX|01/12/2016|P.L.S.|25|PRODUITS PREPARES|2532|MARQUES NATIONALES|PANES DE VOLAILLE|25326|3230890759437|800G DONUTS POULET SS/AT M.COQ|10|ECART D'INVENTAIRE|1|.8|5.01
FRA256|DIGNE|01/12/2016|CHARCUT.TRAITEUR|20|CHEVRES/BREBIS|2052|MARQUES NATIONALES|SPECIALITE CHEVRE NON AGE|20522|3428380001917|160G LE CABECOU AU LARDON X4|10|ECART D'INVENTAIRE|2|.16|5
FRA331|LIBOURNE|01/12/2016|BOULANGERIE/PATISSERIE|23|PAINS|2300|MARQUES NATIONALES|PAINS BLANCS SPECIFIQUES|23002|3276550247579|PDA  BAGUETTE PAVOT 250G|20|DONS AUX ASSOCIATIONS|2|.25|.42
FRA334|LORIENT|01/12/2016|FRUITS ET LEGUMES|22|FRUITS EXOTIQUE CONDITIONNES|2211|MARQUES NATIONALES|AUTRE FRUITS EXOTIQUE CONDIT.|22114|3276555375314|FLT 500G CITRON VERT IMP|20|DONS AUX ASSOCIATIONS|2|.5|1.92
FRA358|VALENCIENNES|01/12/2016|POISSONNERIE|21|POISSON TRANSFORME L.S.|2105|MARQUES NATIONALES|POISSON TRANSFORME LS|21053|3571492190007|BQ BRANDADE MORUE PARM 1K X6|01|CASSE|1|1|4.8
FRA357|UZES|03/12/2016|P.L.S.|25|PATES FRAICHES|2503|MARQUE PROPRE|TARTINABLES NATURE|25030|3560070257096|300G BQ FROMAGE NATURE CRF|20|DONS AUX ASSOCIATIONS|1|.3|.81
FRA089|REIMS -TINQUEUX|03/12/2016|BOUCHERIE VOLAILLE|24|SPECIALITE BOUCHERE IND. BOEUF|2461|MARQUES NATIONALES|SBI BOEUF VIANDE CRUE PREPAREE|24613|3039050330314|110G X2 BIF. MARINE M.HOT.SOCO|20|DONS AUX ASSOCIATIONS|1|.22|2.83
FRA306|BEAUCAIRE|03/12/2016|BOULANGERIE/PATISSERIE|23|PATISSERIE SECHE|2320|MARQUE PROPRE|PATISSERIE SECHE|23201|3276550564959|BROWNIES X4|01|CASSE|2||4.26
FRA002|ANGERS -GRAND MAINE|03/12/2016|BOULANGERIE/PATISSERIE|23|TARTES|2321|MARQUE PROPRE|PATE SUCREE MOUSSELINE|23212|3276550564232|TARTE AUX FRUITS FRAIS 6P|01|CASSE|2||9.4
FRA102|ST CLEMENT DE RIVIER|03/12/2016|P.L.S.|25|OEUFS|2523|MARQUES NATIONALES|OEUF PLEIN AIR/POULE AU SOL|25230|3273050120159|6 GRS OEUFS COCORETTE FERM.LR|01|CASSE|1||1
FRA097|SETE -BALARUC|03/12/2016|P.L.S.|25|OEUFS|2523|MARQUE PROPRE|OEUFS STANDARDS|25232|3270190021063|12X OEUFS MOYENS CARREFOUR|01|CASSE|2||2.24
FRA305|AUCHY LES MINES|03/12/2016|P.L.S.|25|PATISSERIE|2572|MARQUES NATIONALES|QUATRE-QUART - GAT.FAMILIAUX|25720|3178530405736|500G QUATRE QUARTS BONNE MAMAN|16|AUTRES RECALAGE|-71|.5|-208.03
FRA065|MONACO|03/12/2016|P.L.S.|25|PANES FRAIS|2552|MARQUES NATIONALES|PANES ENFANTS|25520|3596690135049|200G ESC CORD.BL.COMTE P.DODU|01|CASSE|6|.2|12.18
FRA344|PUGET S/ARGENS|03/12/2016|EPICERIE|14|POCKETS|1414|MARQUES NATIONALES|POCKETS NAPPES CHOCOLATS|14141|7622210422026|250G PET.ECOLIER POCHE LAIT LU|01|CASSE|1|.25|2.72
FRA040|EVRY|03/12/2016|BOULANGERIE/PATISSERIE|23|GRANDE PIECES|2322|MARQUES NATIONALES|AUTRES GRDE PIECES SPECIFIQUES|23225|2023225000004|MILLE FEUILLES 6 PARTS|01|CASSE|1||2.593
FRA105|ST POL S/MER|03/12/2016|FRUITS ET LEGUMES|22|FRUITS A PEPIN VRACS|2206|MARQUES NATIONALES|RAISINS BLANCS VRACS|22062|3276554155184|RAISIN CHASSELAS MOISSAC AOC|03|DLC|1|1|2.25
FRA065|MONACO|02/12/2016|CHARCUT.TRAITEUR|20|VIANDE,JAMBON: SECS, CRUS|2002|MARQUES NATIONALES|VIANDE CRUE|20021|3276554023285|COPPA MONTORSI|13|FREINTE|.047|1|.546
FRA093|RUNGIS -BELLE EPINE|03/12/2016|P.L.S.|25|DECOUPE DE VOLAILLES|2531|1ER PRIX|DECOUPES DE DINDE|25314|3560070343454|KG ESCALOP DDE X3 S/AT|01|CASSE|.49|.36|2.9449
FRA100|ST ANDRE LES VERGERS|03/12/2016|BOULANGERIE/PATISSERIE|23|CROISSANTS ET DERIVES|2310|MARQUE PROPRE|CROISSANTS|23100|3276550563617|CROISSANT ORDINAIRE X4|01|CASSE|2||.56
FRA094|SARAN|03/12/2016|BOUCHERIE VOLAILLE|24|PORC FQC|2423|MARQUE PROPRE|PORC FQC A GRILLER,POELER CAIS|24237|3276551450251|PORC FQC TRAVERS A GRILLER|03|DLC|.9|1|5.652
FRA081|ORLEANS|03/12/2016|EPICERIE|14|LAITS INFANTILES|1443|MARQUES NATIONALES|LAIT DE CROISSANCE|14432|3176571194008|1L LAIT CROISSANCE BP CANDIA|16|AUTRES RECALAGE|-4||-6.948
FRA025|CHAMPS S/MARNE|03/12/2016|P.L.S.|25|PATE PRES.CUITE ET NON CUITE|2504|MARQUE PROPRE|AUTRES BLOCS PPC|25043|3560071000158|150G DES EMMENTAL CARREFOUR|01|CASSE|2|.15|1.72
FRA087|QUETIGNY|03/12/2016|EPICERIE|14|CAFES TORREFIES|1405|MARQUE PROPRE|DOSETTES TOUTES ORIGINES|14055|3560070793860|10 CAPSULES BRESIL CRF|02|VOL IDENTIFIE|1|.052|1.24
FRA065|MONACO|03/12/2016|P.L.S.|25|SAUCISSERIE SECHE|2543|MARQUES NATIONALES|SAUCISSON|25430|3375220012667|200G SAUCISSON SEC BEAUFORT|01|CASSE|2|.2|4.96
FRA025|CHAMPS S/MARNE|03/12/2016|CHARCUT.TRAITEUR|20|SALADES LS INDUSTRIELLE|2033|MARQUES NATIONALES|SALADES VIANDE VOLAILLE LS|20332|3700009201992|300G TETE ROULEE VINAIGRETTE|01|CASSE|1|.3|2.27
FRA045|GRENOBLE -MEYLAN|03/12/2016|P.L.S.|25|DECOUPE DE VOLAILLES|2531|MARQUE PROPRE|DECOUPES DE DINDE|25314|3560070548620|520G PAUPIETTE DDE S/AT X4 CRF|01|CASSE|1|.52|3.37
FRA110|TOULON -MAYOL|03/12/2016|POISSONNERIE|21|FILET DE POISSON L.S.|2104|MARQUES NATIONALES|FILET DE POISSON LS|21040|3276557151053|FILET PANGA BQ|01|CASSE|.62|1|3.317
FRA103|ST DENIS|03/12/2016|P.L.S.|25|DESSERTS|2510|MARQUE PROPRE|CREMES DESSERT|25106|3270190024446|4X125G CREME DESSERT CAFE CRF|03|DLC|1|.5|.5
FRA108|STE GENEVIEVE DES BO|03/12/2016|FRUITS ET LEGUMES|22|SALADE 4EME/5EME GAMME|2240|MARQUE PROPRE|SACHET TENDRES POUSSES|22402|3245413157522|125G ROQUETTE CRF|01|CASSE|1|.125|.6
FRA043|GIVORS|03/12/2016|CHARCUT.TRAITEUR|20|ENTREES CHAUDES LS INDUS.|2035|MARQUES NATIONALES|FEUILLETES LS INDUS|20355|3033124703509|400G PATE FEUILLETE VIANDE|20|DONS AUX ASSOCIATIONS|1|.4|3.54
FRA116|VILLABE|03/12/2016|EPICERIE|14|CONSERVES LEG.VERTS|1460|MARQUE PROPRE|FLAGEOLETS|14602|3560070326396|4/4 FLAGEOLETS VRT EXT.F CRF|20|DONS AUX ASSOCIATIONS|4|.53|2.8
FRA091|RENNES -CESSON|03/12/2016|P.L.S.|25|BEURRE|2521|MARQUES NATIONALES|BEURRE MOULE DEMI-SEL|25215|3114270300221|500G BEURRE MOULE MARIN CELIA|20|DONS AUX ASSOCIATIONS|1|.5|3.35
FRA354|THIONVILLE|02/12/2016|CHARCUT.TRAITEUR|20|SALAISON,SAUCISSON CUITS|2001|MARQUES NATIONALES|SAUCISSONS SAUCISSES SECS|20014|3218260001164|KG JESUS LORRAIN FUME BONI|13|FREINTE|.004|1|.042
FRA045|GRENOBLE -MEYLAN|03/12/2016|P.L.S.|25|BLANCS|2514|MARQUES NATIONALES|YAOURTS BRASSES NATURE|25144|3033490916848|4X125G VELOUTE NATURE|20|DONS AUX ASSOCIATIONS|1|.5|1.14
